TX ID,Product,Quantity,Unit Price,Amount,Order Date,Ship Date,Customer Gender,Order Mode,Rating C,State,County,Days to Deliver,Weeknum,Gender Value
TX500001,Shorts,1,10.9, ,1-Jan-25,6-Jan-25,,App,4,California,Alpine County,5,1,Unknown
TX500002,Tank Tops,2,30.6,61.2,1-Jan-25,3-Jan-25,M,App,4,California,Contra Costa County,2,1,Male
TX500003,Sneakers,3,109.4,328.2,1-Jan-25,4-Jan-25,F,App,3,California,Fresno County,3,1,Female
TX500004,Workout Tops,7,37.7,263.9,1-Jan-25,2-Jan-25,F,App,4,California,Fresno County,1,1,Female
TX500005,Graphic Tees,3,56.7,170.1,1-Jan-25,4-Jan-25,F,App,5,California,Los Angeles County,3,1,Female
TX500006,Tank Tops,12,83.5,1002,1-Jan-25,4-Jan-25,M,Website,4,California,Los Angeles County,3,1,Male
TX500007,Sandals,1,55.3,55.3,1-Jan-25,2-Jan-25,F,App,4,California,Los Angeles County,1,1,Female
TX500008,Jeans,2,40.3,80.6,1-Jan-25,2-Jan-25,M,Target.com,5,California,Los Angeles County,1,1,Male
TX500009,Hoodies & Sweatshirts,11,35.7,392.7,1-Jan-25,2-Jan-25,F,App,4,California,Los Angeles County,1,1,Female
TX500010,T-Shirts,7,22.4,156.8,1-Jan-25,4-Jan-25,M,App,3,California,Los Angeles County,3,1,Male
TX500011,Sundresses,2,54.4,108.8,1-Jan-25,7-Jan-25,F,App,4,California,Los Angeles County,6,1,Female
TX500012,Sundresses,2,49,98,1-Jan-25,3-Jan-25,F,Target.com,3,California,Los Angeles County,2,1,Female
TX500013,Sandals,7,118.6,830.2,1-Jan-25,5-Jan-25,F,Website,4,California,Nevada County,4,1,Female
TX500014,Jeans,27,88.4,2386.8,1-Jan-25,8-Jan-25,M,Instagram,4,California,Placer County,7,1,Male
TX500015,Bikinis,1,66.7,66.7,1-Jan-25,4-Jan-25,M,App,4,California,Sacramento County,3,1,Male
TX500016,Sundresses,10,30.9,309,1-Jan-25,2-Jan-25,M,Website,5,California,Sacramento County,1,1,Male
TX500017,Graphic Tees,3,31.1,93.3,1-Jan-25,2-Jan-25,F,App,3,California,Sacramento County,1,1,Female
TX500018,Hoodies & Sweatshirts,3,36.6,109.8,1-Jan-25,4-Jan-25,F,App,4,California,San Bernardino County,3,1,Female
TX500019,Jeans,8,51.1,408.8,1-Jan-25,4-Jan-25,F,Target.com,1,California,San Bernardino County,3,1,Female
TX500020,Sundresses,1,25.2,25.2,1-Jan-25,2-Jan-25,F,Website,5,California,San Diego County,1,1,Female
TX500021,Sundresses,5,43.8,219,1-Jan-25,4-Jan-25,F,Target.com,4,California,San Diego County,3,1,Female
TX500022,T-Shirts,12,46.7,560.4,1-Jan-25,2-Jan-25,F,Website,3,California,San Diego County,1,1,Female
TX500023,Workout Tops,19,79.9,1518.1,1-Jan-25,2-Jan-25,M,App,5,California,San Diego County,1,1,Male
TX500024,Maxi Dresses,8,26.4,211.2,1-Jan-25,2-Jan-25,F,Instagram,4,California,San Diego County,1,1,Female
TX500025,Casual Dresses,8,88.8,710.4,1-Jan-25,2-Jan-25,F,Partner App,4,California,San Diego County,1,1,Female
TX500026,Shorts,10,17.5,175,1-Jan-25,2-Jan-25,F,Target.com,4,California,San Mateo County,1,1,Female
TX500027,Tank Tops,9,38.7,348.3,1-Jan-25,4-Jan-25,M,Website,4,California,Santa Barbara County,3,1,Male
TX500028,Tote Bags,4,57.2,228.8,1-Jan-25,3-Jan-25,,Website,5,California,Santa Clara County,2,1,Unknown
TX500029,Jeans,5,50.9,254.5,1-Jan-25,7-Jan-25,,Website,5,California,Tehama County,6,1,Unknown
TX500030,Baseball Caps,7,41,287,1-Jan-25,5-Jan-25,F,Website,4,California,Ventura County,4,1,Female
TX500031,T-Shirts,7,19.1,133.7,1-Jan-25,5-Jan-25,M,App,5,California,Calaveras County,4,1,Male
TX500032,Sneakers,5,166.1,830.5,1-Jan-25,4-Jan-25,M,App,4,California,Inyo County,3,1,Male
TX500033,Graphic Tees,3,29.9,89.7,1-Jan-25,2-Jan-25,M,Instagram,4,California,Los Angeles County,1,1,Male
TX500034,Bikinis,6,21.7,130.2,1-Jan-25,3-Jan-25,O,Target.com,5,California,Los Angeles County,2,1,Other
TX500035,Maxi Dresses,2,32,64,1-Jan-25,4-Jan-25,M,App,5,California,Los Angeles County,3,1,Male
TX500036,T-Shirts,2,15.8,31.6,1-Jan-25,2-Jan-25,M,Partner App,5,California,Los Angeles County,1,1,Male
TX500037,Sneakers,17,203.1,3452.7,1-Jan-25,5-Jan-25,M,Instagram,3,California,Los Angeles County,4,1,Male
TX500038,Hoodies & Sweatshirts,13,39,507,1-Jan-25,7-Jan-25,M,App,5,California,Los Angeles County,6,1,Male
TX500039,Bikinis,1,26.5,26.5,2-Jan-25,3-Jan-25,M,Target.com,4,California,Los Angeles County,1,1,Male
TX500040,Sandals,1,43.1,43.1,2-Jan-25,3-Jan-25,F,Target.com,3,California,Los Angeles County,1,1,Female
TX500041,Tank Tops,3,139,417,2-Jan-25,3-Jan-25,F,Partner App,5,California,Los Angeles County,1,1,Female
TX500042,Casual Dresses,1,80.7,80.7,2-Jan-25,3-Jan-25,M,App,5,California,Napa County,1,1,Male
TX500043,Graphic Tees,2,54.5,109,2-Jan-25,4-Jan-25,M,Website,3,California,Sacramento County,2,1,Male
TX500044,Jeans,3,68.6,205.8,2-Jan-25,2-Jan-25,F,App,3,California,San Diego County,0,1,Female
TX500045,Sneakers,4,135.9,543.6,2-Jan-25,3-Jan-25,F,Target.com,5,California,San Diego County,1,1,Female
TX500046,Sneakers,4,70.9,283.6,2-Jan-25,3-Jan-25,F,App,4,California,San Francisco,1,1,Female
TX500047,Tank Tops,5,63.7,318.5,2-Jan-25,3-Jan-25,M,Website,3,California,San Mateo County,1,1,Male
TX500048,Tote Bags,1,29.7,29.7,2-Jan-25,4-Jan-25,F,Website,4,California,Santa Clara County,2,1,Female
TX500049,Graphic Tees,3,26.8,80.4,2-Jan-25,11-Jan-25,F,Website,5,California,Santa Clara County,9,1,Female
TX500050,Baseball Caps,1,27,27,2-Jan-25,4-Jan-25,F,App,4,California,Sonoma County,2,1,Female
TX500051,T-Shirts,1,41.4,41.4,2-Jan-25,3-Jan-25,M,Website,5,California,Stanislaus County,1,1,Male
TX500052,T-Shirts,2,24.3,48.6,2-Jan-25,5-Jan-25,F,Website,4,California,Stanislaus County,3,1,Female
TX500053,T-Shirts,3,41.7,125.1,2-Jan-25,4-Jan-25,M,App,5,California,Tulare County,2,1,Male
TX500054,Shorts,2,18,36,2-Jan-25,3-Jan-25,F,App,5,California,Alameda County,1,1,Female
TX500055,Hoodies & Sweatshirts,3,91.3,273.9,2-Jan-25,5-Jan-25,M,Target.com,5,California,Los Angeles County,3,1,Male
TX500056,T-Shirts,8,19.3,154.4,2-Jan-25,3-Jan-25,M,App,4,California,Los Angeles County,1,1,Male
TX500057,Casual Dresses,13,63.2,821.6,2-Jan-25,3-Jan-25,F,App,4,California,Los Angeles County,1,1,Female
TX500058,Bikinis,9,33.3,299.7,3-Jan-25,11-Jan-25,F,App,5,California,Los Angeles County,8,1,Female
TX500059,Hoodies & Sweatshirts,2,64.2,128.4,3-Jan-25,4-Jan-25,M,App,5,California,Los Angeles County,1,1,Male
TX500060,Sundresses,3,23.1,69.3,3-Jan-25,6-Jan-25,F,Website,5,California,Los Angeles County,3,1,Female
TX500061,Crop Tops,2,71.1,142.2,3-Jan-25,5-Jan-25,F,Instagram,3,California,Los Angeles County,2,1,Female
TX500062,Shorts,2,11.5,23,3-Jan-25,4-Jan-25,F,App,4,California,Los Angeles County,1,1,Female
TX500063,Crop Tops,19,69.2,1314.8,3-Jan-25,8-Jan-25,F,App,4,California,Los Angeles County,5,1,Female
TX500064,Shorts,1,26.8,26.8,3-Jan-25,4-Jan-25,M,Target.com,2,California,Los Angeles County,1,1,Male
TX500065,Sunglasses,3,31.2,93.6,3-Jan-25,6-Jan-25,F,App,4,California,Los Angeles County,3,1,Female
TX500066,Casual Dresses,2,113.2,226.4,3-Jan-25,4-Jan-25,F,Partner App,4,California,Los Angeles County,1,1,Female
TX500067,Bikinis,8,21,168,3-Jan-25,4-Jan-25,M,App,4,California,Sacramento County,1,1,Male
TX500068,Tank Tops,2,89.1,178.2,3-Jan-25,4-Jan-25,F,Target.com,5,California,Sacramento County,1,1,Female
TX500069,Tank Tops,1,97.7,97.7,3-Jan-25,5-Jan-25,F,App,3,California,Sacramento County,2,1,Female
TX500070,Crop Tops,4,97.7,390.8,3-Jan-25,5-Jan-25,M,Instagram,4,California,Sacramento County,2,1,Male
TX500071,Pajama Sets,3,47.4,142.2,3-Jan-25,6-Jan-25,M,Instagram,5,California,San Diego County,3,1,Male
TX500072,Hoodies & Sweatshirts,1,89.6,89.6,3-Jan-25,6-Jan-25,F,App,5,California,San Diego County,3,1,Female
TX500073,Bikinis,18,28.4,511.2,3-Jan-25,6-Jan-25,F,Instagram,5,California,San Francisco,3,1,Female
TX500074,Shorts,2,17.9,35.8,3-Jan-25,4-Jan-25,F,App,5,California,San Mateo County,1,1,Female
TX500075,Sundresses,2,48.4,96.8,3-Jan-25,6-Jan-25,M,Website,4,California,San Mateo County,3,1,Male
TX500076,Casual Dresses,4,44.4,177.6,3-Jan-25,4-Jan-25,O,Website,3,California,Santa Clara County,1,1,Other
TX500077,Sneakers,8,103.7,829.6,3-Jan-25,4-Jan-25,F,App,3,California,Stanislaus County,1,1,Female
TX500078,Sandals,4,58.6,234.4,3-Jan-25,5-Jan-25,M,Instagram,4,California,Stanislaus County,2,1,Male
TX500079,Sundresses,4,54.8,219.2,3-Jan-25,7-Jan-25,F,Target.com,3,California,Ventura County,4,1,Female
TX500080,Casual Dresses,3,78.8,236.4,3-Jan-25,9-Jan-25,F,Partner App,3,California,Alameda County,6,1,Female
TX500081,Leggings,5,36.8,184,3-Jan-25,6-Jan-25,M,Partner App,3,California,Kern County,3,1,Male
TX500082,Jeans,6,50.6,303.6,3-Jan-25,5-Jan-25,F,Instagram,4,California,Los Angeles County,2,1,Female
TX500083,Crop Tops,3,36.8,110.4,3-Jan-25,3-Jan-25,M,Target.com,3,California,Los Angeles County,0,1,Male
TX500084,T-Shirts,9,41.8,376.2,4-Jan-25,10-Jan-25,F,Instagram,4,California,Los Angeles County,6,1,Female
TX500085,Leggings,1,77.3,77.3,4-Jan-25,5-Jan-25,M,Partner App,2,California,Los Angeles County,1,1,Male
TX500086,T-Shirts,4,19.8,79.2,4-Jan-25,10-Jan-25,M,Website,5,California,Los Angeles County,6,1,Male
TX500087,Tote Bags,4,15.5,62,4-Jan-25,5-Jan-25,F,Website,5,California,Los Angeles County,1,1,Female
TX500088,Casual Dresses,1,46.8,46.8,4-Jan-25,8-Jan-25,M,App,5,California,Los Angeles County,4,1,Male
TX500089,Sundresses,9,28.6,257.4,4-Jan-25,8-Jan-25,M,App,5,California,Los Angeles County,4,1,Male
TX500090,Sneakers,1,97.7,97.7,4-Jan-25,7-Jan-25,F,Website,4,California,Los Angeles County,3,1,Female
TX500091,Sundresses,5,54.7,273.5,4-Jan-25,7-Jan-25,,App,5,California,Riverside County,3,1,Unknown
TX500092,Sneakers,6,130.5,783,4-Jan-25,6-Jan-25,F,App,3,California,Riverside County,2,1,Female
TX500093,Maxi Dresses,2,50.4,100.8,4-Jan-25,6-Jan-25,M,Target.com,5,California,Sacramento County,2,1,Male
TX500094,Jeans,13,61.5,799.5,4-Jan-25,5-Jan-25,,Instagram,3,California,Santa Clara County,1,1,Unknown
TX500095,Sundresses,4,30.1,120.4,4-Jan-25,5-Jan-25,F,App,5,California,Alameda County,1,1,Female
TX500096,Sneakers,5,74.8,374,4-Jan-25,5-Jan-25,F,Website,4,California,Contra Costa County,1,1,Female
TX500097,Sunglasses,3,64.9,194.7,4-Jan-25,11-Jan-25,M,App,4,California,Fresno County,7,1,Male
TX500098,Sundresses,2,50.5,101,4-Jan-25,6-Jan-25,M,Website,4,California,Kern County,2,1,Male
TX500099,Maxi Dresses,7,63,441,4-Jan-25,7-Jan-25,M,Instagram,5,California,Los Angeles County,3,1,Male
TX500100,Sneakers,3,93.6,280.8,4-Jan-25,17-Jan-25,F,App,5,California,Los Angeles County,13,1,Female
TX500101,Sandals,30,41.4,1242,4-Jan-25,8-Jan-25,M,Target.com,5,California,Los Angeles County,4,1,Male
TX500102,Sneakers,2,160,320,5-Jan-25,6-Jan-25,M,Target.com,5,California,Placer County,1,2,Male
TX500103,Jewelry,11,10.5,115.5,5-Jan-25,8-Jan-25,F,Partner App,4,California,San Diego County,3,2,Female
TX500104,Bikinis,2,53,106,5-Jan-25,5-Jan-25,M,Target.com,2,California,San Francisco,0,2,Male
TX500105,T-Shirts,3,18.5,55.5,5-Jan-25,10-Jan-25,F,Website,5,California,Santa Clara County,5,2,Female
TX500106,Sunglasses,3,84.5,253.5,5-Jan-25,7-Jan-25,F,Partner App,3,California,Ventura County,2,2,Female
TX500107,Crop Tops,7,31.2,218.4,5-Jan-25,5-Jan-25,F,Target.com,5,California,Los Angeles County,0,2,Female
TX500108,T-Shirts,18,32.6,586.8,5-Jan-25,6-Jan-25,M,Website,3,California,Los Angeles County,1,2,Male
TX500109,Bikinis,4,45.4,181.6,5-Jan-25,7-Jan-25,M,Website,4,California,Los Angeles County,2,2,Male
TX500110,Sneakers,12,120,1440,5-Jan-25,6-Jan-25,F,Target.com,2,California,Los Angeles County,1,2,Female
TX500111,Shorts,4,18.9,75.6,5-Jan-25,7-Jan-25,M,App,5,California,Los Angeles County,2,2,Male
TX500112,Graphic Tees,1,32,32,5-Jan-25,7-Jan-25,F,Partner App,4,California,Los Angeles County,2,2,Female
TX500113,Hoodies & Sweatshirts,2,37.3,74.6,5-Jan-25,6-Jan-25,M,Target.com,4,California,Los Angeles County,1,2,Male
TX500114,Leggings,1,119.8,119.8,5-Jan-25,6-Jan-25,M,Website,3,California,Los Angeles County,1,2,Male
TX500115,Bikinis,2,26.4,52.8,5-Jan-25,8-Jan-25,M,Target.com,4,California,Los Angeles County,3,2,Male
TX500116,Jeans,6,76.5,459,5-Jan-25,6-Jan-25,F,Website,3,California,Los Angeles County,1,2,Female
TX500117,Graphic Tees,10,45.7,457,5-Jan-25,6-Jan-25,F,Target.com,4,California,Merced County,1,2,Female
TX500118,Tank Tops,12,92.6,1111.2,5-Jan-25,7-Jan-25,F,Target.com,4,California,Orange County,2,2,Female
TX500119,Jeans,6,60.1,360.6,5-Jan-25,6-Jan-25,M,Website,4,California,Riverside County,1,2,Male
TX500120,Tank Tops,3,73,219,5-Jan-25,6-Jan-25,F,Instagram,3,California,Sacramento County,1,2,Female
TX500121,Jeans,3,44.3,132.9,5-Jan-25,9-Jan-25,,Target.com,5,California,Sacramento County,4,2,Unknown
TX500122,Jeans,3,63.3,189.9,5-Jan-25,6-Jan-25,M,Target.com,4,California,Sacramento County,1,2,Male
TX500123,Casual Dresses,1,66.8,66.8,5-Jan-25,6-Jan-25,F,Website,4,California,Sacramento County,1,2,Female
TX500124,Sneakers,2,59.7,119.4,5-Jan-25,6-Jan-25,F,App,4,California,San Bernardino County,1,2,Female
TX500125,Tank Tops,6,92,552,5-Jan-25,7-Jan-25,M,App,2,California,San Bernardino County,2,2,Male
TX500126,Hoodies & Sweatshirts,2,87.6,175.2,5-Jan-25,7-Jan-25,M,Website,3,California,San Diego County,2,2,Male
TX500127,Jeans,3,84.5,253.5,5-Jan-25,6-Jan-25,F,Website,3,California,San Diego County,1,2,Female
TX500128,Tank Tops,2,116.3,232.6,6-Jan-25,8-Jan-25,M,Target.com,5,California,San Diego County,2,2,Male
TX500129,Jeans,5,52.7,263.5,6-Jan-25,10-Jan-25,M,App,4,California,San Diego County,4,2,Male
TX500130,Sunglasses,3,34.2,102.6,6-Jan-25,7-Jan-25,M,App,5,California,San Joaquin County,1,2,Male
TX500131,Sundresses,1,23.3,23.3,6-Jan-25,15-Jan-25,O,Target.com,5,California,San Mateo County,9,2,Other
TX500132,Shorts,26,25.9,673.4,6-Jan-25,9-Jan-25,F,Partner App,3,California,San Mateo County,3,2,Female
TX500133,Jeans,29,54.9,1592.1,6-Jan-25,7-Jan-25,M,Website,5,California,San Mateo County,1,2,Male
TX500134,Sandals,3,75.8,227.4,6-Jan-25,11-Jan-25,O,Website,4,California,Sonoma County,5,2,Other
TX500135,Tank Tops,9,44.9,404.1,6-Jan-25,9-Jan-25,F,Target.com,5,California,Fresno County,3,2,Female
TX500136,Maxi Dresses,2,48.8,97.6,6-Jan-25,8-Jan-25,F,Instagram,4,California,Glenn County,2,2,Female
TX500137,Crop Tops,1,20.3,20.3,6-Jan-25,7-Jan-25,F,App,5,California,Kern County,1,2,Female
TX500138,Sandals,7,36.4,254.8,6-Jan-25,9-Jan-25,F,App,3,California,Los Angeles County,3,2,Female
TX500139,Shorts,1,19,19,6-Jan-25,11-Jan-25,F,Website,5,California,Los Angeles County,5,2,Female
TX500140,T-Shirts,1,17.8,17.8,6-Jan-25,6-Jan-25,M,App,4,California,Los Angeles County,0,2,Male
TX500141,Sneakers,6,139.6,837.6,6-Jan-25,9-Jan-25,M,App,4,California,Los Angeles County,3,2,Male
TX500142,Sundresses,1,31.7,31.7,6-Jan-25,6-Jan-25,,App,4,California,Los Angeles County,0,2,Unknown
TX500143,T-Shirts,8,26.3,210.4,6-Jan-25,9-Jan-25,F,Partner App,2,California,Los Angeles County,3,2,Female
TX500144,Graphic Tees,2,47.8,95.6,6-Jan-25,7-Jan-25,,App,4,California,Los Angeles County,1,2,Unknown
TX500145,Sundresses,3,69.4,208.2,6-Jan-25,10-Jan-25,F,App,4,California,Los Angeles County,4,2,Female
TX500146,Leggings,12,25.8,309.6,6-Jan-25,7-Jan-25,M,Partner App,2,California,Los Angeles County,1,2,Male
TX500147,Shorts,4,26.4,105.6,6-Jan-25,7-Jan-25,M,Website,5,California,Los Angeles County,1,2,Male
TX500148,T-Shirts,4,15.7,62.8,6-Jan-25,7-Jan-25,M,Target.com,4,California,Los Angeles County,1,2,Male
TX500149,T-Shirts,1,39.7,39.7,6-Jan-25,10-Jan-25,M,App,4,California,Los Angeles County,4,2,Male
TX500150,Bikinis,4,31.1,124.4,6-Jan-25,8-Jan-25,F,Target.com,3,California,Los Angeles County,2,2,Female
TX500151,Tote Bags,15,23.4,351,6-Jan-25,15-Jan-25,M,App,4,California,Los Angeles County,9,2,Male
TX500152,Tank Tops,4,57.1,228.4,7-Jan-25,8-Jan-25,M,Target.com,4,California,Orange County,1,2,Male
TX500153,Sneakers,5,89.9,449.5,7-Jan-25,7-Jan-25,F,App,1,California,Riverside County,0,2,Female
TX500154,Bikinis,7,48.1,336.7,7-Jan-25,9-Jan-25,F,Website,5,California,Sacramento County,2,2,Female
TX500155,T-Shirts,2,29.3,58.6,7-Jan-25,7-Jan-25,F,Website,3,California,Sacramento County,0,2,Female
TX500156,T-Shirts,4,28.8,115.2,7-Jan-25,8-Jan-25,F,App,2,California,Sacramento County,1,2,Female
TX500157,Bikinis,5,40.5,202.5,7-Jan-25,11-Jan-25,F,Instagram,4,California,Sacramento County,4,2,Female
TX500158,Leggings,14,65.1,911.4,7-Jan-25,8-Jan-25,F,Partner App,4,California,San Bernardino County,1,2,Female
TX500159,T-Shirts,4,40.3,161.2,7-Jan-25,12-Jan-25,F,Target.com,4,California,San Bernardino County,5,2,Female
TX500160,Jeans,5,51.8,259,7-Jan-25,8-Jan-25,M,Target.com,5,California,San Diego County,1,2,Male
TX500161,Jeans,3,61.3,183.9,7-Jan-25,8-Jan-25,F,Instagram,4,California,San Diego County,1,2,Female
TX500162,Sneakers,4,122.5,490,7-Jan-25,8-Jan-25,M,App,4,California,San Diego County,1,2,Male
TX500163,Shorts,9,12.5,112.5,7-Jan-25,8-Jan-25,,Website,5,California,San Diego County,1,2,Unknown
TX500164,Crop Tops,8,37.5,300,7-Jan-25,8-Jan-25,F,App,4,California,San Mateo County,1,2,Female
TX500165,Jeans,3,40,120,7-Jan-25,10-Jan-25,M,App,2,California,Santa Clara County,3,2,Male
TX500166,Pajama Sets,8,38.5,308,7-Jan-25,12-Jan-25,F,Target.com,3,California,Santa Clara County,5,2,Female
TX500167,Sneakers,2,86.4,172.8,7-Jan-25,9-Jan-25,F,App,4,California,Sonoma County,2,2,Female
TX500168,Bikinis,1,50.7,50.7,7-Jan-25,11-Jan-25,F,Website,4,California,Sonoma County,4,2,Female
TX500169,Bikinis,2,61,122,7-Jan-25,18-Jan-25,F,Partner App,3,California,Sonoma County,11,2,Female
TX500170,Graphic Tees,2,19.9,39.8,7-Jan-25,10-Jan-25,F,Website,4,California,Yolo County,3,2,Female
TX500171,Sandals,1,78.3,78.3,7-Jan-25,7-Jan-25,F,App,5,California,Contra Costa County,0,2,Female
TX500172,Shorts,19,10.4,197.6,7-Jan-25,9-Jan-25,M,App,5,California,Fresno County,2,2,Male
TX500173,Bikinis,1,36.1,36.1,7-Jan-25,10-Jan-25,M,Instagram,5,California,Los Angeles County,3,2,Male
TX500174,Baseball Caps,2,17.3,34.6,7-Jan-25,9-Jan-25,F,Website,5,California,Los Angeles County,2,2,Female
TX500175,Bikinis,2,30.5,61,7-Jan-25,8-Jan-25,F,Website,5,California,Los Angeles County,1,2,Female
TX500176,Leggings,62,70.1,4346.2,7-Jan-25,7-Jan-25,F,Target.com,4,California,Los Angeles County,0,2,Female
TX500177,Workout Tops,1,76.1,76.1,7-Jan-25,7-Jan-25,F,Target.com,3,California,Los Angeles County,0,2,Female
TX500178,Crop Tops,13,34.2,444.6,7-Jan-25,8-Jan-25,M,App,4,California,Los Angeles County,1,2,Male
TX500179,T-Shirts,5,30.3,151.5,7-Jan-25,12-Jan-25,F,Partner App,4,California,Los Angeles County,5,2,Female
TX500180,Jeans,5,52.5,262.5,7-Jan-25,11-Jan-25,,Instagram,4,California,Los Angeles County,4,2,Unknown
TX500181,Sundresses,11,28.7,315.7,7-Jan-25,8-Jan-25,F,Target.com,4,California,Los Angeles County,1,2,Female
TX500182,Hoodies & Sweatshirts,7,52,364,7-Jan-25,8-Jan-25,M,Website,2,California,Los Angeles County,1,2,Male
TX500183,Shorts,1,13.3,13.3,8-Jan-25,12-Jan-25,F,Target.com,3,California,Los Angeles County,4,2,Female
TX500184,Shorts,3,15.7,47.1,8-Jan-25,9-Jan-25,F,Website,4,California,Mendocino County,1,2,Female
TX500185,T-Shirts,2,25.6,51.2,8-Jan-25,9-Jan-25,M,App,5,California,Riverside County,1,2,Male
TX500186,T-Shirts,1,43.4,43.4,8-Jan-25,13-Jan-25,M,App,4,California,Sacramento County,5,2,Male
TX500187,Maxi Dresses,9,33.4,300.6,8-Jan-25,8-Jan-25,F,App,4,California,San Diego County,0,2,Female
TX500188,T-Shirts,19,55,1045,8-Jan-25,9-Jan-25,F,Website,5,California,San Diego County,1,2,Female
TX500189,T-Shirts,3,23.6,70.8,8-Jan-25,9-Jan-25,M,App,5,California,San Diego County,1,2,Male
TX500190,Casual Dresses,9,104,936,8-Jan-25,10-Jan-25,F,Target.com,5,California,San Francisco,2,2,Female
TX500191,Jeans,2,51.8,103.6,8-Jan-25,12-Jan-25,,App,5,California,Santa Barbara County,4,2,Unknown
TX500192,Bikinis,5,34.5,172.5,8-Jan-25,10-Jan-25,,Target.com,5,California,Santa Clara County,2,2,Unknown
TX500193,Jeans,2,51.8,103.6,8-Jan-25,10-Jan-25,M,Website,5,California,Siskiyou County,2,2,Male
TX500194,Leggings,43,131.5,5654.5,8-Jan-25,9-Jan-25,F,App,5,California,Sonoma County,1,2,Female
TX500195,T-Shirts,7,47.8,334.6,8-Jan-25,8-Jan-25,F,App,4,California,Stanislaus County,0,2,Female
TX500196,Shorts,2,10.2,20.4,8-Jan-25,10-Jan-25,F,App,4,California,Stanislaus County,2,2,Female
TX500197,T-Shirts,8,41,328,8-Jan-25,8-Jan-25,F,Website,5,California,Stanislaus County,0,2,Female
TX500198,Bikinis,7,50.8,355.6,8-Jan-25,11-Jan-25,F,Website,4,California,Alameda County,3,2,Female
TX500199,Leggings,3,39.6,118.8,8-Jan-25,9-Jan-25,M,Target.com,5,California,Contra Costa County,1,2,Male
TX500200,Sandals,2,69.5,139,8-Jan-25,10-Jan-25,M,App,5,California,Fresno County,2,2,Male
TX500201,T-Shirts,8,32.6,260.8,8-Jan-25,11-Jan-25,M,Website,4,California,Los Angeles County,3,2,Male
TX500202,Hoodies & Sweatshirts,2,49.1,98.2,8-Jan-25,16-Jan-25,M,Instagram,5,California,Los Angeles County,8,2,Male
TX500203,Jeans,2,49.4,98.8,9-Jan-25,10-Jan-25,F,Target.com,4,California,Los Angeles County,1,2,Female
TX500204,Hoodies & Sweatshirts,7,65.1,455.7,9-Jan-25,12-Jan-25,F,Target.com,5,California,Los Angeles County,3,2,Female
TX500205,Workout Tops,2,52.1,104.2,9-Jan-25,13-Jan-25,F,Target.com,4,California,Los Angeles County,4,2,Female
TX500206,Sneakers,4,129.2,516.8,9-Jan-25,10-Jan-25,F,Website,4,California,Los Angeles County,1,2,Female
TX500207,Tank Tops,19,81.8,1554.2,9-Jan-25,9-Jan-25,F,Website,3,California,Los Angeles County,0,2,Female
TX500208,Pajama Sets,1,24.9,24.9,9-Jan-25,13-Jan-25,F,Website,4,California,Los Angeles County,4,2,Female
TX500209,Shorts,3,49.4,148.2,9-Jan-25,12-Jan-25,F,Partner App,2,California,Los Angeles County,3,2,Female
TX500210,T-Shirts,2,22.7,45.4,9-Jan-25,10-Jan-25,M,Instagram,5,California,Los Angeles County,1,2,Male
TX500211,Tank Tops,1,77.3,77.3,9-Jan-25,9-Jan-25,F,App,5,California,Sacramento County,0,2,Female
TX500212,Tank Tops,5,109.1,545.5,9-Jan-25,12-Jan-25,F,App,4,California,Sacramento County,3,2,Female
TX500213,Sneakers,4,53.9,215.6,9-Jan-25,10-Jan-25,M,App,3,California,San Diego County,1,2,Male
TX500214,Sundresses,26,21.2,551.2,9-Jan-25,9-Jan-25,F,App,4,California,San Mateo County,0,2,Female
TX500215,Sunglasses,4,69,276,9-Jan-25,11-Jan-25,F,Website,3,California,Sonoma County,2,2,Female
TX500216,Jeans,3,46.2,138.6,9-Jan-25,11-Jan-25,F,App,5,California,Sutter County,2,2,Female
TX500217,Tank Tops,5,97.4,487,9-Jan-25,13-Jan-25,F,Partner App,5,California,Alameda County,4,2,Female
TX500218,T-Shirts,5,21,105,9-Jan-25,10-Jan-25,M,App,3,California,Alameda County,1,2,Male
TX500219,Sandals,2,32.7,65.4,10-Jan-25,13-Jan-25,F,Website,4,California,Fresno County,3,2,Female
TX500220,Jeans,4,48,192,10-Jan-25,11-Jan-25,M,Instagram,4,California,Los Angeles County,1,2,Male
TX500221,Jeans,3,68.2,204.6,10-Jan-25,14-Jan-25,,App,5,California,Los Angeles County,4,2,Unknown
TX500222,Sandals,1,45.4,45.4,10-Jan-25,12-Jan-25,M,Website,4,California,Los Angeles County,2,2,Male
TX500223,Casual Dresses,2,53.9,107.8,10-Jan-25,11-Jan-25,F,Target.com,4,California,Los Angeles County,1,2,Female
TX500224,Sneakers,4,62.1,248.4,10-Jan-25,14-Jan-25,F,App,4,California,Nevada County,4,2,Female
TX500225,Tote Bags,7,33.1,231.7,10-Jan-25,15-Jan-25,M,Website,4,California,Sacramento County,5,2,Male
TX500226,Leggings,5,35.2,176,10-Jan-25,10-Jan-25,F,Website,4,California,Sacramento County,0,2,Female
TX500227,Sundresses,3,32.1,96.3,10-Jan-25,15-Jan-25,M,Instagram,4,California,San Diego County,5,2,Male
TX500228,Maxi Dresses,1,38.1,38.1,10-Jan-25,15-Jan-25,F,App,5,California,San Diego County,5,2,Female
TX500229,T-Shirts,1,65.2,65.2,10-Jan-25,15-Jan-25,F,Instagram,3,California,San Diego County,5,2,Female
TX500230,Bikinis,7,55.2,386.4,10-Jan-25,11-Jan-25,M,Target.com,4,California,Santa Clara County,1,2,Male
TX500231,Jeans,1,62,62,10-Jan-25,14-Jan-25,F,App,4,California,Santa Clara County,4,2,Female
TX500232,Hoodies & Sweatshirts,3,45.9,137.7,10-Jan-25,11-Jan-25,F,Target.com,4,California,Santa Cruz County,1,2,Female
TX500233,Leggings,3,58.3,174.9,10-Jan-25,10-Jan-25,M,Website,3,California,Sonoma County,0,2,Male
TX500234,T-Shirts,2,22.3,44.6,10-Jan-25,13-Jan-25,F,App,5,California,Tulare County,3,2,Female
TX500235,Jewelry,5,24,120,10-Jan-25,11-Jan-25,M,Partner App,4,California,Contra Costa County,1,2,Male
TX500236,Shorts,10,21.3,213,10-Jan-25,10-Jan-25,F,Website,5,California,Kern County,0,2,Female
TX500237,Jeans,41,57.8,2369.8,10-Jan-25,12-Jan-25,F,App,5,California,Los Angeles County,2,2,Female
TX500238,Bikinis,3,67.6,202.8,10-Jan-25,11-Jan-25,F,App,4,California,Los Angeles County,1,2,Female
TX500239,Jeans,6,66.7,400.2,10-Jan-25,14-Jan-25,M,Partner App,3,California,Los Angeles County,4,2,Male
TX500240,Tank Tops,4,53.1,212.4,10-Jan-25,12-Jan-25,F,Website,4,California,Los Angeles County,2,2,Female
TX500241,Casual Dresses,3,57.4,172.2,10-Jan-25,13-Jan-25,F,App,5,California,Mendocino County,3,2,Female
TX500242,Sneakers,5,58.1,290.5,10-Jan-25,10-Jan-25,M,Target.com,5,California,Sacramento County,0,2,Male
TX500243,Sandals,3,31.8,95.4,11-Jan-25,13-Jan-25,M,Instagram,4,California,Sacramento County,2,2,Male
TX500244,Graphic Tees,3,31.5,94.5,11-Jan-25,14-Jan-25,M,App,3,California,San Diego County,3,2,Male
TX500245,Jeans,7,55.9,391.3,11-Jan-25,15-Jan-25,F,Website,5,California,San Diego County,4,2,Female
TX500246,T-Shirts,2,36.4,72.8,11-Jan-25,12-Jan-25,M,Website,3,California,San Mateo County,1,2,Male
TX500247,Tank Tops,5,47.3,236.5,11-Jan-25,14-Jan-25,M,Target.com,4,California,Santa Barbara County,3,2,Male
TX500248,Jeans,3,82.5,247.5,11-Jan-25,12-Jan-25,M,App,4,California,Santa Clara County,1,2,Male
TX500249,Shorts,1,14.3,14.3,11-Jan-25,12-Jan-25,F,App,4,California,Alameda County,1,2,Female
TX500250,Sneakers,6,57.6,345.6,11-Jan-25,25-Jan-25,F,App,4,California,Alameda County,14,2,Female
TX500251,Sneakers,3,142.4,427.2,11-Jan-25,13-Jan-25,M,Partner App,3,California,Alameda County,2,2,Male
TX500252,Casual Dresses,1,30.2,30.2,11-Jan-25,15-Jan-25,M,Website,5,California,Fresno County,4,2,Male
TX500253,Leggings,3,65.3,195.9,11-Jan-25,12-Jan-25,O,Website,4,California,Imperial County,1,2,Other
TX500254,Shorts,2,33.4,66.8,11-Jan-25,12-Jan-25,M,Website,3,California,Kern County,1,2,Male
TX500255,Hoodies & Sweatshirts,2,45.1,90.2,11-Jan-25,19-Jan-25,M,App,4,California,Kings County,8,2,Male
TX500256,Sneakers,7,61.7,431.9,11-Jan-25,13-Jan-25,F,Partner App,4,California,Los Angeles County,2,2,Female
TX500257,Sundresses,3,45.1,135.3,12-Jan-25,13-Jan-25,M,Partner App,3,California,Los Angeles County,1,3,Male
TX500258,Crop Tops,5,22.7,113.5,12-Jan-25,17-Jan-25,M,App,5,California,Plumas County,5,3,Male
TX500259,T-Shirts,1,17.6,17.6,12-Jan-25,13-Jan-25,F,App,5,California,Riverside County,1,3,Female
TX500260,Baseball Caps,2,11.3,22.6,12-Jan-25,15-Jan-25,F,Instagram,5,California,Riverside County,3,3,Female
TX500261,Jeans,3,53.4,160.2,12-Jan-25,15-Jan-25,M,Instagram,5,California,San Benito County,3,3,Male
TX500262,Jeans,11,51.1,562.1,12-Jan-25,14-Jan-25,F,Target.com,5,California,San Diego County,2,3,Female
TX500263,T-Shirts,2,27.5,55,12-Jan-25,13-Jan-25,M,Partner App,3,California,San Diego County,1,3,Male
TX500264,Sundresses,1,33.5,33.5,12-Jan-25,14-Jan-25,F,App,2,California,San Diego County,2,3,Female
TX500265,Graphic Tees,1,59.5,59.5,12-Jan-25,12-Jan-25,M,App,5,California,Sonoma County,0,3,Male
TX500266,Pajama Sets,4,23.5,94,12-Jan-25,13-Jan-25,F,Instagram,1,California,Stanislaus County,1,3,Female
TX500267,Jeans,1,49.7,49.7,12-Jan-25,13-Jan-25,,Website,5,California,Tulare County,1,3,Unknown
TX500268,Jeans,4,44.2,176.8,12-Jan-25,15-Jan-25,F,App,5,California,Alameda County,3,3,Female
TX500269,T-Shirts,1,22.1,22.1,12-Jan-25,16-Jan-25,F,Website,3,California,Imperial County,4,3,Female
TX500270,Jeans,3,90.9,272.7,12-Jan-25,13-Jan-25,F,Target.com,2,California,Los Angeles County,1,3,Female
TX500271,T-Shirts,3,44.5,133.5,12-Jan-25,13-Jan-25,F,Website,4,California,Los Angeles County,1,3,Female
TX500272,Sundresses,6,32.3,193.8,12-Jan-25,16-Jan-25,F,App,4,California,Los Angeles County,4,3,Female
TX500273,Pajama Sets,3,87.5,262.5,12-Jan-25,13-Jan-25,F,Website,3,California,Los Angeles County,1,3,Female
TX500274,Sunglasses,5,48.7,243.5,12-Jan-25,13-Jan-25,M,Target.com,4,California,Los Angeles County,1,3,Male
TX500275,Shorts,5,22.5,112.5,12-Jan-25,13-Jan-25,M,App,4,California,Los Angeles County,1,3,Male
TX500276,Tank Tops,8,65.9,527.2,12-Jan-25,15-Jan-25,F,Website,5,California,Los Angeles County,3,3,Female
TX500277,Jeans,5,41.9,209.5,12-Jan-25,19-Jan-25,,App,4,California,Los Angeles County,7,3,Unknown
TX500278,Tank Tops,5,67.5,337.5,12-Jan-25,13-Jan-25,F,App,5,California,Los Angeles County,1,3,Female
TX500279,Sundresses,1,60.4,60.4,13-Jan-25,15-Jan-25,F,Website,3,California,Los Angeles County,2,3,Female
TX500280,Tank Tops,7,30.4,212.8,13-Jan-25,16-Jan-25,F,Partner App,4,California,Los Angeles County,3,3,Female
TX500281,Baseball Caps,2,24.5,49,13-Jan-25,14-Jan-25,M,Instagram,5,California,Los Angeles County,1,3,Male
TX500282,Sneakers,3,105.9,317.7,13-Jan-25,18-Jan-25,M,App,4,California,Madera County,5,3,Male
TX500283,Bikinis,24,25.9,621.6,13-Jan-25,14-Jan-25,F,Partner App,4,California,Riverside County,1,3,Female
TX500284,Jeans,3,66.8,200.4,13-Jan-25,13-Jan-25,M,App,4,California,Riverside County,0,3,Male
TX500285,Jeans,3,112.3,336.9,13-Jan-25,14-Jan-25,M,Target.com,2,California,Sacramento County,1,3,Male
TX500286,Tank Tops,6,94.1,564.6,13-Jan-25,14-Jan-25,F,App,2,California,Sacramento County,1,3,Female
TX500287,Sandals,1,40.7,40.7,13-Jan-25,16-Jan-25,F,Target.com,4,California,Sacramento County,3,3,Female
TX500288,Workout Tops,2,71.4,142.8,13-Jan-25,14-Jan-25,M,App,4,California,San Bernardino County,1,3,Male
TX500289,Shorts,18,15.6,280.8,13-Jan-25,14-Jan-25,M,Website,1,California,San Diego County,1,3,Male
TX500290,Bikinis,4,37.8,151.2,13-Jan-25,14-Jan-25,M,Target.com,5,California,San Diego County,1,3,Male
TX500291,Graphic Tees,3,28.1,84.3,13-Jan-25,17-Jan-25,M,App,4,California,San Diego County,4,3,Male
TX500292,Hoodies & Sweatshirts,6,51.4,308.4,13-Jan-25,17-Jan-25,M,App,4,California,San Diego County,4,3,Male
TX500293,Hoodies & Sweatshirts,2,97.7,195.4,13-Jan-25,15-Jan-25,F,Partner App,5,California,San Francisco,2,3,Female
TX500294,Tank Tops,4,63.8,255.2,13-Jan-25,14-Jan-25,M,Target.com,4,California,Solano County,1,3,Male
TX500295,Tote Bags,2,20.1,40.2,13-Jan-25,15-Jan-25,M,App,5,California,Tulare County,2,3,Male
TX500296,Maxi Dresses,3,50.4,151.2,13-Jan-25,16-Jan-25,F,Instagram,4,California,Ventura County,3,3,Female
TX500297,Shorts,1,16.2,16.2,13-Jan-25,26-Jan-25,F,Website,4,California,Contra Costa County,13,3,Female
TX500298,Jeans,7,80.9,566.3,13-Jan-25,15-Jan-25,M,Partner App,2,California,Fresno County,2,3,Male
TX500299,Sundresses,6,95.2,571.2,13-Jan-25,15-Jan-25,F,App,5,California,Fresno County,2,3,Female
TX500300,Sandals,8,70.4,563.2,13-Jan-25,14-Jan-25,M,Website,3,California,Los Angeles County,1,3,Male
TX500301,Shorts,5,10.7,53.5,13-Jan-25,17-Jan-25,F,Target.com,4,California,Los Angeles County,4,3,Female
TX500302,T-Shirts,5,19.6,98,13-Jan-25,15-Jan-25,F,App,1,California,Los Angeles County,2,3,Female
TX500303,T-Shirts,11,34.7,381.7,13-Jan-25,15-Jan-25,F,App,5,California,Los Angeles County,2,3,Female
TX500304,Bikinis,9,34.1,306.9,13-Jan-25,14-Jan-25,F,Partner App,3,California,Los Angeles County,1,3,Female
TX500305,Shorts,49,29.3,1435.7,13-Jan-25,13-Jan-25,M,App,3,California,Los Angeles County,0,3,Male
TX500306,Tank Tops,1,55.2,55.2,13-Jan-25,14-Jan-25,F,App,3,California,Los Angeles County,1,3,Female
TX500307,Leggings,3,26,78,13-Jan-25,16-Jan-25,F,App,5,California,Los Angeles County,3,3,Female
TX500308,Baseball Caps,2,14.2,28.4,13-Jan-25,18-Jan-25,F,Instagram,4,California,Modoc County,5,3,Female
TX500309,T-Shirts,9,22.7,204.3,14-Jan-25,15-Jan-25,M,Website,4,California,Sacramento County,1,3,Male
TX500310,Shorts,15,19.8,297,14-Jan-25,14-Jan-25,F,App,5,California,Sacramento County,0,3,Female
TX500311,Shorts,3,31.7,95.1,14-Jan-25,15-Jan-25,M,Target.com,4,California,Sacramento County,1,3,Male
TX500312,T-Shirts,4,30.4,121.6,14-Jan-25,18-Jan-25,M,App,4,California,Sacramento County,4,3,Male
TX500313,Shorts,4,25.6,102.4,14-Jan-25,15-Jan-25,M,Instagram,4,California,San Diego County,1,3,Male
TX500314,Sandals,2,34.9,69.8,14-Jan-25,15-Jan-25,F,Target.com,4,California,San Mateo County,1,3,Female
TX500315,Hoodies & Sweatshirts,6,42.7,256.2,14-Jan-25,17-Jan-25,M,Target.com,3,California,Santa Clara County,3,3,Male
TX500316,T-Shirts,1,23.9,23.9,14-Jan-25,16-Jan-25,F,Instagram,4,California,Santa Clara County,2,3,Female
TX500317,Jeans,1,124.3,124.3,14-Jan-25,15-Jan-25,,Target.com,3,California,Alameda County,1,3,Unknown
TX500318,T-Shirts,6,35.9,215.4,14-Jan-25,15-Jan-25,F,App,3,California,Contra Costa County,1,3,Female
TX500319,Sneakers,2,69.1,138.2,14-Jan-25,17-Jan-25,F,App,5,California,Kern County,3,3,Female
TX500320,Hoodies & Sweatshirts,1,58.4,58.4,14-Jan-25,18-Jan-25,M,App,4,California,Kern County,4,3,Male
TX500321,Sandals,1,65.2,65.2,14-Jan-25,16-Jan-25,O,Partner App,2,California,Los Angeles County,2,3,Other
TX500322,T-Shirts,17,32.7,555.9,14-Jan-25,21-Jan-25,,Partner App,4,California,Los Angeles County,7,3,Unknown
TX500323,Bikinis,7,24.4,170.8,14-Jan-25,15-Jan-25,F,App,4,California,Los Angeles County,1,3,Female
TX500324,Baseball Caps,2,50.4,100.8,14-Jan-25,20-Jan-25,M,App,3,California,Los Angeles County,6,3,Male
TX500325,Tank Tops,2,100,200,14-Jan-25,15-Jan-25,F,App,4,California,Los Angeles County,1,3,Female
TX500326,Bikinis,3,43,129,15-Jan-25,15-Jan-25,F,Target.com,3,California,Los Angeles County,0,3,Female
TX500327,Tank Tops,5,64.4,322,15-Jan-25,17-Jan-25,M,Target.com,3,California,Los Angeles County,2,3,Male
TX500328,Leggings,2,57.4,114.8,15-Jan-25,16-Jan-25,M,Target.com,3,California,Los Angeles County,1,3,Male
TX500329,Sneakers,3,55.1,165.3,15-Jan-25,18-Jan-25,F,Website,4,California,Los Angeles County,3,3,Female
TX500330,Hoodies & Sweatshirts,4,45.4,181.6,15-Jan-25,16-Jan-25,F,Website,4,California,Los Angeles County,1,3,Female
TX500331,Workout Tops,3,93.3,279.9,15-Jan-25,16-Jan-25,F,App,4,California,Mariposa County,1,3,Female
TX500332,Sneakers,19,158.2,3005.8,15-Jan-25,16-Jan-25,F,Website,5,California,Napa County,1,3,Female
TX500333,Sneakers,2,74.9,149.8,15-Jan-25,17-Jan-25,M,Instagram,4,California,Sacramento County,2,3,Male
TX500334,T-Shirts,7,26,182,15-Jan-25,18-Jan-25,F,Website,4,California,San Diego County,3,3,Female
TX500335,Sundresses,6,37.5,225,15-Jan-25,16-Jan-25,F,App,3,California,San Diego County,1,3,Female
TX500336,Jeans,2,75.8,151.6,15-Jan-25,21-Jan-25,M,App,4,California,San Diego County,6,3,Male
TX500337,Hoodies & Sweatshirts,1,48.5,48.5,15-Jan-25,27-Jan-25,,Partner App,5,California,San Diego County,12,3,Unknown
TX500338,Jeans,3,98.9,296.7,15-Jan-25,17-Jan-25,F,Partner App,3,California,San Diego County,2,3,Female
TX500339,Tank Tops,12,50.9,610.8,15-Jan-25,15-Jan-25,M,Partner App,4,California,San Diego County,0,3,Male
TX500340,Casual Dresses,6,84.7,508.2,15-Jan-25,15-Jan-25,F,Target.com,4,California,San Diego County,0,3,Female
TX500341,T-Shirts,1,20.7,20.7,15-Jan-25,17-Jan-25,F,Instagram,5,California,San Diego County,2,3,Female
TX500342,Casual Dresses,9,57.8,520.2,15-Jan-25,26-Jan-25,M,App,2,California,San Francisco,11,3,Male
TX500343,Sneakers,2,106.9,213.8,15-Jan-25,17-Jan-25,F,App,5,California,San Luis Obispo County,2,3,Female
TX500344,Workout Tops,5,45.2,226,15-Jan-25,19-Jan-25,F,Website,4,California,Alameda County,4,3,Female
TX500345,T-Shirts,13,34.6,449.8,15-Jan-25,15-Jan-25,F,Website,3,California,Alameda County,0,3,Female
TX500346,Crop Tops,1,43.8,43.8,15-Jan-25,17-Jan-25,,App,5,California,Alameda County,2,3,Unknown
TX500347,Crop Tops,1,20.4,20.4,15-Jan-25,17-Jan-25,M,Partner App,3,California,Alameda County,2,3,Male
TX500348,Tank Tops,1,36.7,36.7,15-Jan-25,16-Jan-25,M,App,3,California,Contra Costa County,1,3,Male
TX500349,T-Shirts,3,27.2,81.6,15-Jan-25,19-Jan-25,M,App,5,California,Contra Costa County,4,3,Male
TX500350,Jeans,1,58.2,58.2,15-Jan-25,16-Jan-25,F,App,5,California,El Dorado County,1,3,Female
TX500351,T-Shirts,3,25.6,76.8,15-Jan-25,16-Jan-25,M,Partner App,2,California,Fresno County,1,3,Male
TX500352,Bikinis,1,21.2,21.2,15-Jan-25,15-Jan-25,F,Website,5,California,Los Angeles County,0,3,Female
TX500353,Jeans,2,48.2,96.4,15-Jan-25,23-Jan-25,F,App,5,California,Los Angeles County,8,3,Female
TX500354,Tank Tops,4,83.4,333.6,16-Jan-25,17-Jan-25,M,App,4,California,Los Angeles County,1,3,Male
TX500355,Sundresses,3,45.3,135.9,16-Jan-25,22-Jan-25,M,Target.com,3,California,Los Angeles County,6,3,Male
TX500356,Pajama Sets,1,42,42,16-Jan-25,17-Jan-25,,App,4,California,Los Angeles County,1,3,Unknown
TX500357,Shorts,9,21.8,196.2,16-Jan-25,18-Jan-25,F,Website,4,California,Los Angeles County,2,3,Female
TX500358,T-Shirts,18,21.4,385.2,16-Jan-25,19-Jan-25,F,Website,5,California,Los Angeles County,3,3,Female
TX500359,Bikinis,3,45,135,16-Jan-25,16-Jan-25,F,Website,5,California,Los Angeles County,0,3,Female
TX500360,Baseball Caps,1,39.6,39.6,16-Jan-25,17-Jan-25,M,App,5,California,Los Angeles County,1,3,Male
TX500361,Casual Dresses,3,79.8,239.4,16-Jan-25,22-Jan-25,F,Website,2,California,Los Angeles County,6,3,Female
TX500362,Tank Tops,4,63.6,254.4,16-Jan-25,17-Jan-25,O,App,5,California,Merced County,1,3,Other
TX500363,Hoodies & Sweatshirts,10,92.7,927,16-Jan-25,20-Jan-25,M,Website,5,California,Sacramento County,4,3,Male
TX500364,Tank Tops,4,48.4,193.6,16-Jan-25,18-Jan-25,F,Website,5,California,Sacramento County,2,3,Female
TX500365,Sundresses,8,36,288,16-Jan-25,19-Jan-25,M,Target.com,5,California,San Diego County,3,3,Male
TX500366,T-Shirts,12,27,324,16-Jan-25,18-Jan-25,F,Target.com,3,California,San Diego County,2,3,Female
TX500367,Sneakers,8,53.9,431.2,16-Jan-25,17-Jan-25,,App,4,California,San Diego County,1,3,Unknown
TX500368,Workout Tops,9,48.4,435.6,16-Jan-25,17-Jan-25,F,Website,4,California,San Mateo County,1,3,Female
TX500369,Pajama Sets,2,49.9,99.8,16-Jan-25,21-Jan-25,M,Partner App,2,California,Santa Barbara County,5,3,Male
TX500370,Tank Tops,3,51.7,155.1,16-Jan-25,17-Jan-25,F,App,5,California,Santa Clara County,1,3,Female
TX500371,T-Shirts,3,41.8,125.4,16-Jan-25,18-Jan-25,F,Target.com,4,California,Sonoma County,2,3,Female
TX500372,Graphic Tees,4,36.2,144.8,17-Jan-25,18-Jan-25,M,Target.com,5,California,Alameda County,1,3,Male
TX500373,Sneakers,1,150.9,150.9,17-Jan-25,27-Jan-25,M,App,4,California,Contra Costa County,10,3,Male
TX500374,Leggings,4,77.6,310.4,17-Jan-25,18-Jan-25,,Target.com,4,California,Los Angeles County,1,3,Unknown
TX500375,Tote Bags,5,65.5,327.5,17-Jan-25,17-Jan-25,M,Website,4,California,Los Angeles County,0,3,Male
TX500376,Jeans,3,90.1,270.3,17-Jan-25,19-Jan-25,F,App,4,California,Los Angeles County,2,3,Female
TX500377,Tank Tops,2,108.3,216.6,17-Jan-25,20-Jan-25,O,Partner App,4,California,Los Angeles County,3,3,Other
TX500378,Sandals,3,59.9,179.7,17-Jan-25,21-Jan-25,F,App,4,California,Los Angeles County,4,3,Female
TX500379,Sneakers,17,139,2363,17-Jan-25,19-Jan-25,F,Website,2,California,Los Angeles County,2,3,Female
TX500380,Jeans,3,87.3,261.9,17-Jan-25,18-Jan-25,F,App,4,California,Los Angeles County,1,3,Female
TX500381,Maxi Dresses,4,42.3,169.2,17-Jan-25,17-Jan-25,M,App,4,California,Los Angeles County,0,3,Male
TX500382,Baseball Caps,8,103.6,828.8,17-Jan-25,18-Jan-25,O,App,3,California,Los Angeles County,1,3,Other
TX500383,Jeans,2,90.9,181.8,17-Jan-25,18-Jan-25,M,Website,4,California,Sacramento County,1,3,Male
TX500384,Sundresses,16,100.9,1614.4,17-Jan-25,18-Jan-25,F,Website,4,California,Sacramento County,1,3,Female
TX500385,Graphic Tees,5,36,180,17-Jan-25,19-Jan-25,F,Website,4,California,San Bernardino County,2,3,Female
TX500386,Jeans,6,83.3,499.8,17-Jan-25,20-Jan-25,,Target.com,4,California,San Bernardino County,3,3,Unknown
TX500387,Sneakers,17,60.3,1025.1,17-Jan-25,18-Jan-25,M,Target.com,3,California,San Bernardino County,1,3,Male
TX500388,Sneakers,6,120.3,721.8,17-Jan-25,18-Jan-25,M,Target.com,4,California,San Diego County,1,3,Male
TX500389,Graphic Tees,10,34,340,17-Jan-25,21-Jan-25,F,Target.com,4,California,San Diego County,4,3,Female
TX500390,Bikinis,5,42.6,213,17-Jan-25,20-Jan-25,M,Website,4,California,San Diego County,3,3,Male
TX500391,Sandals,20,47.4,948,17-Jan-25,17-Jan-25,F,Target.com,3,California,San Francisco,0,3,Female
TX500392,Sneakers,1,74,74,18-Jan-25,19-Jan-25,M,Website,4,California,Santa Clara County,1,3,Male
TX500393,Sneakers,5,60.4,302,18-Jan-25,21-Jan-25,F,Website,2,California,Sonoma County,3,3,Female
TX500394,Casual Dresses,2,69.3,138.6,18-Jan-25,21-Jan-25,M,Website,3,California,Ventura County,3,3,Male
TX500395,Sandals,5,81,405,18-Jan-25,24-Jan-25,M,Instagram,4,California,Alameda County,6,3,Male
TX500396,Crop Tops,3,41.5,124.5,18-Jan-25,20-Jan-25,O,Website,4,California,Alameda County,2,3,Other
TX500397,Leggings,2,69.7,139.4,18-Jan-25,23-Jan-25,M,Website,4,California,Alameda County,5,3,Male
TX500398,Sneakers,5,83.6,418,18-Jan-25,18-Jan-25,F,Partner App,4,California,Contra Costa County,0,3,Female
TX500399,T-Shirts,7,21.5,150.5,18-Jan-25,20-Jan-25,M,Website,2,California,Kings County,2,3,Male
TX500400,T-Shirts,8,28.6,228.8,18-Jan-25,19-Jan-25,M,App,4,California,Los Angeles County,1,3,Male
TX500401,T-Shirts,6,18.8,112.8,18-Jan-25,21-Jan-25,M,Instagram,5,California,Los Angeles County,3,3,Male
TX500402,Bikinis,4,35.1,140.4,18-Jan-25,18-Jan-25,F,Website,3,California,Los Angeles County,0,3,Female
TX500403,Shorts,2,12.7,25.4,18-Jan-25,20-Jan-25,F,Website,5,California,Los Angeles County,2,3,Female
TX500404,T-Shirts,5,27.4,137,18-Jan-25,20-Jan-25,O,App,4,California,Los Angeles County,2,3,Other
TX500405,Bikinis,2,61.3,122.6,18-Jan-25,19-Jan-25,F,Website,4,California,Sacramento County,1,3,Female
TX500406,T-Shirts,2,64.7,129.4,18-Jan-25,20-Jan-25,F,Instagram,5,California,Sacramento County,2,3,Female
TX500407,Hoodies & Sweatshirts,4,91.4,365.6,18-Jan-25,20-Jan-25,F,App,4,California,San Diego County,2,3,Female
TX500408,Shorts,2,33.1,66.2,19-Jan-25,20-Jan-25,M,App,5,California,San Diego County,1,4,Male
TX500409,Workout Tops,2,105.6,211.2,19-Jan-25,20-Jan-25,M,Target.com,3,California,San Diego County,1,4,Male
TX500410,Bikinis,3,46.4,139.2,19-Jan-25,20-Jan-25,M,Target.com,4,California,San Mateo County,1,4,Male
TX500411,Sundresses,14,35.3,494.2,19-Jan-25,22-Jan-25,F,Partner App,3,California,Santa Clara County,3,4,Female
TX500412,Shorts,2,16.1,32.2,19-Jan-25,21-Jan-25,M,Instagram,5,California,Santa Cruz County,2,4,Male
TX500413,Graphic Tees,2,27.9,55.8,19-Jan-25,22-Jan-25,M,App,4,California,Ventura County,3,4,Male
TX500414,T-Shirts,1,47.1,47.1,19-Jan-25,27-Jan-25,F,Website,4,California,Fresno County,8,4,Female
TX500415,Jeans,2,85,170,19-Jan-25,22-Jan-25,,Target.com,5,California,Kern County,3,4,Unknown
TX500416,Leggings,2,89,178,19-Jan-25,21-Jan-25,F,App,4,California,Los Angeles County,2,4,Female
TX500417,Sunglasses,3,36.6,109.8,19-Jan-25,20-Jan-25,O,Instagram,5,California,Los Angeles County,1,4,Other
TX500418,Jeans,7,43.5,304.5,19-Jan-25,20-Jan-25,M,Website,5,California,Los Angeles County,1,4,Male
TX500419,Sundresses,19,30.5,579.5,19-Jan-25,19-Jan-25,F,Instagram,4,California,Los Angeles County,0,4,Female
TX500420,Tank Tops,2,107.7,215.4,19-Jan-25,23-Jan-25,M,Instagram,2,California,Los Angeles County,4,4,Male
TX500421,Pajama Sets,26,57.1,1484.6,19-Jan-25,20-Jan-25,M,Website,4,California,Los Angeles County,1,4,Male
TX500422,Sneakers,10,111.7,1117,19-Jan-25,20-Jan-25,F,Partner App,5,California,Los Angeles County,1,4,Female
TX500423,Leggings,7,44.3,310.1,19-Jan-25,22-Jan-25,M,Instagram,5,California,Los Angeles County,3,4,Male
TX500424,Sneakers,8,95.8,766.4,19-Jan-25,25-Jan-25,O,App,4,California,Los Angeles County,6,4,Other
TX500425,Bikinis,7,22.6,158.2,19-Jan-25,22-Jan-25,F,Instagram,3,California,Los Angeles County,3,4,Female
TX500426,T-Shirts,8,25.6,204.8,19-Jan-25,21-Jan-25,F,Partner App,4,California,Los Angeles County,2,4,Female
TX500427,Jeans,16,54.3,868.8,19-Jan-25,22-Jan-25,F,Partner App,4,California,Los Angeles County,3,4,Female
TX500428,Leggings,13,51.3,666.9,19-Jan-25,21-Jan-25,M,App,5,California,Los Angeles County,2,4,Male
TX500429,Shorts,8,25.6,204.8,19-Jan-25,20-Jan-25,F,Website,3,California,Los Angeles County,1,4,Female
TX500430,Shorts,2,15.6,31.2,19-Jan-25,20-Jan-25,F,Target.com,5,California,Los Angeles County,1,4,Female
TX500431,T-Shirts,3,30.3,90.9,19-Jan-25,23-Jan-25,F,App,3,California,Los Angeles County,4,4,Female
TX500432,Casual Dresses,2,30.3,60.6,19-Jan-25,24-Jan-25,F,App,5,California,Madera County,5,4,Female
TX500433,Bikinis,3,53,159,19-Jan-25,26-Jan-25,F,Target.com,4,California,Merced County,7,4,Female
TX500434,Sandals,18,59.9,1078.2,19-Jan-25,22-Jan-25,M,Target.com,2,California,Orange County,3,4,Male
TX500435,Sundresses,2,45.7,91.4,19-Jan-25,20-Jan-25,F,Website,5,California,Sacramento County,1,4,Female
TX500436,T-Shirts,4,46.1,184.4,19-Jan-25,20-Jan-25,M,App,4,California,Sacramento County,1,4,Male
TX500437,T-Shirts,3,17.5,52.5,19-Jan-25,20-Jan-25,F,App,5,California,San Diego County,1,4,Female
TX500438,Bikinis,3,36.5,109.5,19-Jan-25,30-Jan-25,M,Target.com,4,California,San Diego County,11,4,Male
TX500439,T-Shirts,2,47.5,95,20-Jan-25,22-Jan-25,F,Website,4,California,San Diego County,2,4,Female
TX500440,Jeans,5,45.6,228,20-Jan-25,22-Jan-25,F,App,5,California,San Diego County,2,4,Female
TX500441,Sundresses,2,50.5,101,20-Jan-25,22-Jan-25,M,App,3,California,San Francisco,2,4,Male
TX500442,Sneakers,10,99.8,998,20-Jan-25,23-Jan-25,F,Target.com,3,California,San Francisco,3,4,Female
TX500443,T-Shirts,15,19.2,288,20-Jan-25,22-Jan-25,O,Partner App,3,California,San Joaquin County,2,4,Other
TX500444,Pajama Sets,3,22.6,67.8,20-Jan-25,21-Jan-25,M,Website,4,California,Santa Clara County,1,4,Male
TX500445,Tank Tops,15,126.9,1903.5,20-Jan-25,22-Jan-25,F,App,5,California,Santa Clara County,2,4,Female
TX500446,Sneakers,2,100.3,200.6,20-Jan-25,21-Jan-25,F,App,3,California,Santa Clara County,1,4,Female
TX500447,Graphic Tees,18,24.6,442.8,20-Jan-25,21-Jan-25,F,Partner App,4,California,Ventura County,1,4,Female
TX500448,Jeans,2,47.3,94.6,20-Jan-25,21-Jan-25,M,Website,5,California,Ventura County,1,4,Male
TX500449,Jeans,7,40.8,285.6,20-Jan-25,23-Jan-25,F,Target.com,5,California,Alameda County,3,4,Female
TX500450,T-Shirts,8,49.2,393.6,20-Jan-25,22-Jan-25,F,App,4,California,Contra Costa County,2,4,Female
TX500451,T-Shirts,1,28.5,28.5,20-Jan-25,22-Jan-25,,Target.com,3,California,Los Angeles County,2,4,Unknown
TX500452,Leggings,2,36.8,73.6,20-Jan-25,26-Jan-25,F,App,5,California,Los Angeles County,6,4,Female
TX500453,Hoodies & Sweatshirts,3,33.5,100.5,20-Jan-25,21-Jan-25,F,App,3,California,Los Angeles County,1,4,Female
TX500454,Jeans,6,62.5,375,20-Jan-25,22-Jan-25,F,App,4,California,Los Angeles County,2,4,Female
TX500455,T-Shirts,40,47.9,1916,20-Jan-25,21-Jan-25,F,Instagram,4,California,Los Angeles County,1,4,Female
TX500456,Jeans,6,92.9,557.4,20-Jan-25,31-Jan-25,F,App,2,California,Los Angeles County,11,4,Female
TX500457,Casual Dresses,3,44.1,132.3,20-Jan-25,20-Jan-25,F,Website,3,California,Marin County,0,4,Female
TX500458,Shorts,1,11.4,11.4,21-Jan-25,23-Jan-25,F,Target.com,4,California,Placer County,2,4,Female
TX500459,Jeans,1,83.7,83.7,21-Jan-25,23-Jan-25,F,App,5,California,Sacramento County,2,4,Female
TX500460,Bikinis,2,23.2,46.4,21-Jan-25,22-Jan-25,M,Target.com,4,California,San Diego County,1,4,Male
TX500461,Sneakers,1,162.1,162.1,21-Jan-25,24-Jan-25,F,App,5,California,San Mateo County,3,4,Female
TX500462,Jeans,4,49.2,196.8,21-Jan-25,25-Jan-25,M,Website,4,California,San Mateo County,4,4,Male
TX500463,Tank Tops,2,61,122,21-Jan-25,22-Jan-25,M,Instagram,4,California,Santa Barbara County,1,4,Male
TX500464,Sneakers,10,53.1,531,21-Jan-25,23-Jan-25,M,App,4,California,Santa Clara County,2,4,Male
TX500465,Graphic Tees,2,22.4,44.8,21-Jan-25,23-Jan-25,,Website,5,California,Ventura County,2,4,Unknown
TX500466,Tank Tops,5,75.3,376.5,21-Jan-25,22-Jan-25,M,App,4,California,Alameda County,1,4,Male
TX500467,Jeans,1,48.5,48.5,21-Jan-25,22-Jan-25,F,App,3,California,Alameda County,1,4,Female
TX500468,Jeans,1,42.6,42.6,21-Jan-25,25-Jan-25,F,Instagram,4,California,Contra Costa County,4,4,Female
TX500469,Sandals,5,49,245,21-Jan-25,22-Jan-25,M,App,4,California,Kern County,1,4,Male
TX500470,T-Shirts,3,31.3,93.9,21-Jan-25,22-Jan-25,M,Target.com,3,California,Los Angeles County,1,4,Male
TX500471,Sneakers,2,85.4,170.8,21-Jan-25,22-Jan-25,F,Target.com,4,California,Los Angeles County,1,4,Female
TX500472,T-Shirts,4,40,160,21-Jan-25,22-Jan-25,O,App,5,California,Los Angeles County,1,4,Other
TX500473,Sandals,2,38.5,77,21-Jan-25,24-Jan-25,M,Website,5,California,Los Angeles County,3,4,Male
TX500474,Sneakers,2,57.8,115.6,21-Jan-25,22-Jan-25,,App,4,California,Los Angeles County,1,4,Unknown
TX500475,T-Shirts,1,19.2,19.2,21-Jan-25,22-Jan-25,F,App,2,California,Los Angeles County,1,4,Female
TX500476,Jeans,6,114.8,688.8,21-Jan-25,24-Jan-25,M,Website,3,California,Los Angeles County,3,4,Male
TX500477,Bikinis,7,48.4,338.8,21-Jan-25,24-Jan-25,F,Instagram,3,California,Los Angeles County,3,4,Female
TX500478,Sundresses,5,73.2,366,21-Jan-25,22-Jan-25,F,Website,2,California,Los Angeles County,1,4,Female
TX500479,Crop Tops,2,48.6,97.2,21-Jan-25,25-Jan-25,F,Instagram,4,California,Los Angeles County,4,4,Female
TX500480,Shorts,6,48.7,292.2,21-Jan-25,22-Jan-25,M,App,4,California,Los Angeles County,1,4,Male
TX500481,Graphic Tees,2,32.2,64.4,21-Jan-25,24-Jan-25,M,Target.com,5,California,Los Angeles County,3,4,Male
TX500482,Crop Tops,8,25.8,206.4,21-Jan-25,22-Jan-25,M,App,4,California,Madera County,1,4,Male
TX500483,Jeans,2,94.8,189.6,22-Jan-25,25-Jan-25,F,Website,3,California,Orange County,3,4,Female
TX500484,Crop Tops,25,56.8,1420,22-Jan-25,25-Jan-25,M,App,4,California,Orange County,3,4,Male
TX500485,T-Shirts,16,18.3,292.8,22-Jan-25,29-Jan-25,F,Target.com,5,California,Riverside County,7,4,Female
TX500486,Shorts,3,16.8,50.4,22-Jan-25,27-Jan-25,F,Target.com,5,California,San Diego County,5,4,Female
TX500487,Sandals,11,35.8,393.8,22-Jan-25,23-Jan-25,M,Website,4,California,San Francisco,1,4,Male
TX500488,Leggings,1,64.9,64.9,22-Jan-25,23-Jan-25,M,App,3,California,San Francisco,1,4,Male
TX500489,Leggings,1,28.5,28.5,22-Jan-25,24-Jan-25,,Website,4,California,San Mateo County,2,4,Unknown
TX500490,Leggings,2,103.5,207,22-Jan-25,24-Jan-25,F,Website,4,California,Santa Barbara County,2,4,Female
TX500491,Graphic Tees,2,41.2,82.4,22-Jan-25,23-Jan-25,F,Website,4,California,Santa Barbara County,1,4,Female
TX500492,Sundresses,1,37.8,37.8,22-Jan-25,24-Jan-25,F,Instagram,1,California,Santa Clara County,2,4,Female
TX500493,T-Shirts,2,42.6,85.2,22-Jan-25,24-Jan-25,F,Partner App,4,California,Santa Clara County,2,4,Female
TX500494,T-Shirts,10,15.2,152,22-Jan-25,24-Jan-25,F,Target.com,4,California,Santa Clara County,2,4,Female
TX500495,Hoodies & Sweatshirts,4,83.4,333.6,22-Jan-25,23-Jan-25,F,Target.com,3,California,Sonoma County,1,4,Female
TX500496,Jewelry,2,27.7,55.4,22-Jan-25,23-Jan-25,F,App,3,California,Ventura County,1,4,Female
TX500497,Bikinis,12,20.8,249.6,22-Jan-25,23-Jan-25,M,Instagram,4,California,Ventura County,1,4,Male
TX500498,Maxi Dresses,2,72.7,145.4,22-Jan-25,26-Jan-25,F,Partner App,5,California,Humboldt County,4,4,Female
TX500499,Bikinis,4,38.6,154.4,22-Jan-25,23-Jan-25,M,App,5,California,Kern County,1,4,Male
TX500500,T-Shirts,7,33.1,231.7,22-Jan-25,23-Jan-25,O,Partner App,1,California,Los Angeles County,1,4,Other
TX500501,Bikinis,2,30.5,61,22-Jan-25,22-Jan-25,,Website,3,California,Los Angeles County,0,4,Unknown
TX500502,Sundresses,2,69.6,139.2,22-Jan-25,23-Jan-25,M,App,3,California,Los Angeles County,1,4,Male
TX500503,Maxi Dresses,1,42.4,42.4,22-Jan-25,26-Jan-25,F,Website,4,California,Los Angeles County,4,4,Female
TX500504,Pajama Sets,1,32.2,32.2,22-Jan-25,25-Jan-25,F,Target.com,3,California,Los Angeles County,3,4,Female
TX500505,Jeans,2,41.5,83,22-Jan-25,25-Jan-25,F,App,5,California,Los Angeles County,3,4,Female
TX500506,Sunglasses,9,58.9,530.1,22-Jan-25,26-Jan-25,F,Instagram,4,California,Los Angeles County,4,4,Female
TX500507,Sneakers,1,57.1,57.1,22-Jan-25,25-Jan-25,F,Website,4,California,Los Angeles County,3,4,Female
TX500508,Jeans,1,57.2,57.2,22-Jan-25,24-Jan-25,M,Website,4,California,Los Angeles County,2,4,Male
TX500509,T-Shirts,2,35.1,70.2,22-Jan-25,23-Jan-25,M,Website,4,California,Sacramento County,1,4,Male
TX500510,Tank Tops,1,52.1,52.1,22-Jan-25,24-Jan-25,F,Partner App,3,California,San Diego County,2,4,Female
TX500511,Tote Bags,3,59.8,179.4,22-Jan-25,24-Jan-25,F,Partner App,3,California,San Diego County,2,4,Female
TX500512,Workout Tops,4,83.3,333.2,22-Jan-25,22-Jan-25,,Target.com,4,California,San Diego County,0,4,Unknown
TX500513,Crop Tops,12,41.3,495.6,22-Jan-25,23-Jan-25,F,Website,4,California,San Diego County,1,4,Female
TX500514,T-Shirts,5,16,80,22-Jan-25,24-Jan-25,M,Partner App,3,California,San Mateo County,2,4,Male
TX500515,Bikinis,2,20.8,41.6,23-Jan-25,25-Jan-25,M,App,5,California,Santa Clara County,2,4,Male
TX500516,T-Shirts,28,27.1,758.8,23-Jan-25,24-Jan-25,,Instagram,5,California,Santa Clara County,1,4,Unknown
TX500517,Bikinis,2,38.9,77.8,23-Jan-25,25-Jan-25,F,App,4,California,Sonoma County,2,4,Female
TX500518,Shorts,2,10.8,21.6,23-Jan-25,26-Jan-25,F,Website,5,California,Trinity County,3,4,Female
TX500519,Graphic Tees,13,48.4,629.2,23-Jan-25,27-Jan-25,F,App,4,California,Alameda County,4,4,Female
TX500520,Graphic Tees,3,29.2,87.6,23-Jan-25,26-Jan-25,F,Website,3,California,Fresno County,3,4,Female
TX500521,Graphic Tees,2,25.1,50.2,23-Jan-25,24-Jan-25,M,App,3,California,Fresno County,1,4,Male
TX500522,Hoodies & Sweatshirts,3,65.6,196.8,23-Jan-25,23-Jan-25,F,Target.com,3,California,Los Angeles County,0,4,Female
TX500523,Sneakers,2,57.3,114.6,23-Jan-25,23-Jan-25,,App,4,California,Los Angeles County,0,4,Unknown
TX500524,Sundresses,4,22.4,89.6,23-Jan-25,24-Jan-25,F,Target.com,5,California,Los Angeles County,1,4,Female
TX500525,Casual Dresses,9,45.7,411.3,23-Jan-25,24-Jan-25,F,App,4,California,Los Angeles County,1,4,Female
TX500526,T-Shirts,2,29.3,58.6,23-Jan-25,24-Jan-25,M,Website,4,California,Los Angeles County,1,4,Male
TX500527,Leggings,22,74,1628,23-Jan-25,24-Jan-25,M,App,5,California,Los Angeles County,1,4,Male
TX500528,Baseball Caps,2,39.2,78.4,23-Jan-25,25-Jan-25,F,Website,4,California,Los Angeles County,2,4,Female
TX500529,Graphic Tees,17,62.7,1065.9,23-Jan-25,24-Jan-25,F,Target.com,3,California,Los Angeles County,1,4,Female
TX500530,Bikinis,2,60.1,120.2,23-Jan-25,24-Jan-25,F,Instagram,4,California,Los Angeles County,1,4,Female
TX500531,Shorts,4,11.2,44.8,23-Jan-25,24-Jan-25,F,Instagram,3,California,Los Angeles County,1,4,Female
TX500532,T-Shirts,2,22.9,45.8,23-Jan-25,24-Jan-25,F,App,4,California,Sacramento County,1,4,Female
TX500533,Tank Tops,2,37.6,75.2,23-Jan-25,26-Jan-25,F,App,4,California,Sacramento County,3,4,Female
TX500534,Jeans,1,42.4,42.4,23-Jan-25,24-Jan-25,F,Instagram,5,California,Sacramento County,1,4,Female
TX500535,T-Shirts,2,19.6,39.2,23-Jan-25,27-Jan-25,F,Target.com,4,California,San Bernardino County,4,4,Female
TX500536,Sundresses,1,90.5,90.5,23-Jan-25,26-Jan-25,F,Target.com,4,California,San Bernardino County,3,4,Female
TX500537,Sunglasses,11,33.9,372.9,23-Jan-25,24-Jan-25,M,Target.com,3,California,San Bernardino County,1,4,Male
TX500538,Shorts,2,32.8,65.6,23-Jan-25,25-Jan-25,F,Partner App,2,California,San Diego County,2,4,Female
TX500539,Crop Tops,1,49.9,49.9,23-Jan-25,24-Jan-25,M,Instagram,3,California,San Diego County,1,4,Male
TX500540,Hoodies & Sweatshirts,5,79.2,396,23-Jan-25,24-Jan-25,F,Partner App,4,California,San Diego County,1,4,Female
TX500541,T-Shirts,16,19.5,312,23-Jan-25,25-Jan-25,M,Instagram,5,California,San Diego County,2,4,Male
TX500542,T-Shirts,4,18,72,23-Jan-25,24-Jan-25,M,Website,4,California,Santa Barbara County,1,4,Male
TX500543,Sundresses,3,45.9,137.7,23-Jan-25,25-Jan-25,F,Website,3,California,Santa Barbara County,2,4,Female
TX500544,Maxi Dresses,1,41.2,41.2,23-Jan-25,25-Jan-25,F,Website,5,California,Santa Clara County,2,4,Female
TX500545,Sneakers,10,167.2,1672,23-Jan-25,25-Jan-25,F,Target.com,5,California,Santa Cruz County,2,4,Female
TX500546,Jeans,30,74.5,2235,24-Jan-25,27-Jan-25,F,Website,5,California,Solano County,3,4,Female
TX500547,Hoodies & Sweatshirts,4,39.3,157.2,24-Jan-25,25-Jan-25,,Target.com,4,California,Stanislaus County,1,4,Unknown
TX500548,Sundresses,1,68.5,68.5,24-Jan-25,27-Jan-25,M,Website,5,California,Tehama County,3,4,Male
TX500549,Shorts,3,22.5,67.5,24-Jan-25,24-Jan-25,F,Partner App,4,California,Ventura County,0,4,Female
TX500550,Tank Tops,1,48,48,24-Jan-25,25-Jan-25,O,Partner App,3,California,Amador County,1,4,Other
TX500551,Jeans,1,94,94,24-Jan-25,25-Jan-25,M,Instagram,3,California,Contra Costa County,1,4,Male
TX500552,T-Shirts,3,21.9,65.7,24-Jan-25,25-Jan-25,F,App,4,California,Humboldt County,1,4,Female
TX500553,Jeans,7,64.9,454.3,24-Jan-25,25-Jan-25,F,App,4,California,Los Angeles County,1,4,Female
TX500554,Casual Dresses,1,52.9,52.9,24-Jan-25,24-Jan-25,F,Website,3,California,Los Angeles County,0,4,Female
TX500555,T-Shirts,3,25.5,76.5,24-Jan-25,25-Jan-25,F,Website,5,California,Los Angeles County,1,4,Female
TX500556,Jeans,3,51.9,155.7,24-Jan-25,25-Jan-25,F,Instagram,4,California,Los Angeles County,1,4,Female
TX500557,Sandals,1,46.3,46.3,24-Jan-25,27-Jan-25,F,Partner App,4,California,Los Angeles County,3,4,Female
TX500558,Jeans,2,68.2,136.4,24-Jan-25,26-Jan-25,F,Instagram,4,California,Los Angeles County,2,4,Female
TX500559,Tank Tops,1,40.3,40.3,24-Jan-25,25-Jan-25,M,App,3,California,Los Angeles County,1,4,Male
TX500560,Sneakers,3,91.3,273.9,24-Jan-25,29-Jan-25,M,App,5,California,Sacramento County,5,4,Male
TX500561,Shorts,3,11.9,35.7,24-Jan-25,25-Jan-25,F,App,3,California,Sacramento County,1,4,Female
TX500562,Sneakers,2,63.5,127,24-Jan-25,26-Jan-25,M,Website,4,California,Sacramento County,2,4,Male
TX500563,Graphic Tees,2,27.1,54.2,24-Jan-25,27-Jan-25,M,Target.com,5,California,Sacramento County,3,4,Male
TX500564,Tank Tops,2,82.1,164.2,25-Jan-25,28-Jan-25,M,Website,3,California,San Bernardino County,3,4,Male
TX500565,Workout Tops,5,42.9,214.5,25-Jan-25,27-Jan-25,F,Website,4,California,San Diego County,2,4,Female
TX500566,T-Shirts,11,37.9,416.9,25-Jan-25,1-Feb-25,M,App,4,California,San Diego County,7,4,Male
TX500567,Shorts,1,22.4,22.4,25-Jan-25,26-Jan-25,F,App,3,California,San Francisco,1,4,Female
TX500568,Sneakers,13,79.9,1038.7,25-Jan-25,7-Feb-25,F,Instagram,3,California,Santa Clara County,13,4,Female
TX500569,Tank Tops,1,70.6,70.6,25-Jan-25,28-Jan-25,F,App,3,California,Santa Clara County,3,4,Female
TX500570,Jeans,1,49.5,49.5,25-Jan-25,27-Jan-25,M,App,4,California,Ventura County,2,4,Male
TX500571,Sneakers,2,96.6,193.2,25-Jan-25,27-Jan-25,M,App,4,California,Alameda County,2,4,Male
TX500572,Jeans,2,52.8,105.6,25-Jan-25,26-Jan-25,F,Website,3,California,Alameda County,1,4,Female
TX500573,Sneakers,1,101.7,101.7,25-Jan-25,26-Jan-25,M,App,4,California,Contra Costa County,1,4,Male
TX500574,Graphic Tees,5,26.9,134.5,25-Jan-25,30-Jan-25,F,Website,3,California,Kern County,5,4,Female
TX500575,Sneakers,4,211,844,25-Jan-25,25-Jan-25,F,Website,3,California,Los Angeles County,0,4,Female
TX500576,Shorts,4,21.1,84.4,25-Jan-25,28-Jan-25,M,Partner App,4,California,Los Angeles County,3,4,Male
TX500577,Bikinis,1,26.6,26.6,25-Jan-25,27-Jan-25,M,App,2,California,Los Angeles County,2,4,Male
TX500578,Casual Dresses,4,51.2,204.8,25-Jan-25,26-Jan-25,F,Instagram,4,California,Mono County,1,4,Female
TX500579,Shorts,5,10.6,53,25-Jan-25,29-Jan-25,F,App,4,California,San Diego County,4,4,Female
TX500580,Jeans,3,43.4,130.2,25-Jan-25,28-Jan-25,F,Partner App,4,California,San Diego County,3,4,Female
TX500581,Casual Dresses,1,80,80,25-Jan-25,25-Jan-25,F,App,5,California,San Diego County,0,4,Female
TX500582,Bikinis,4,64.7,258.8,25-Jan-25,27-Jan-25,F,Website,2,California,San Diego County,2,4,Female
TX500583,T-Shirts,11,26.3,289.3,26-Jan-25,26-Jan-25,F,Partner App,3,California,San Joaquin County,0,5,Female
TX500584,Bikinis,1,28.5,28.5,26-Jan-25,26-Jan-25,M,App,3,California,San Mateo County,0,5,Male
TX500585,Pajama Sets,1,47.8,47.8,26-Jan-25,28-Jan-25,F,App,3,California,San Mateo County,2,5,Female
TX500586,Bikinis,3,42.8,128.4,26-Jan-25,29-Jan-25,F,Partner App,3,California,Santa Clara County,3,5,Female
TX500587,Jeans,5,46.8,234,26-Jan-25,31-Jan-25,F,Website,5,California,Santa Clara County,5,5,Female
TX500588,Tank Tops,10,64.1,641,26-Jan-25,27-Jan-25,M,Website,4,California,Santa Clara County,1,5,Male
TX500589,Sneakers,1,89.1,89.1,26-Jan-25,27-Jan-25,F,App,3,California,Tulare County,1,5,Female
TX500590,Sneakers,3,83.1,249.3,26-Jan-25,27-Jan-25,F,Target.com,3,California,Ventura County,1,5,Female
TX500591,T-Shirts,3,40.9,122.7,26-Jan-25,27-Jan-25,M,App,4,California,Contra Costa County,1,5,Male
TX500592,Sneakers,2,125.7,251.4,26-Jan-25,27-Jan-25,F,Instagram,4,California,Fresno County,1,5,Female
TX500593,Workout Tops,2,30.9,61.8,26-Jan-25,26-Jan-25,F,Target.com,5,California,Kern County,0,5,Female
TX500594,T-Shirts,2,18.3,36.6,26-Jan-25,27-Jan-25,F,Website,4,California,Los Angeles County,1,5,Female
TX500595,Graphic Tees,2,56.5,113,26-Jan-25,30-Jan-25,M,Target.com,5,California,Los Angeles County,4,5,Male
TX500596,Bikinis,7,29.9,209.3,26-Jan-25,28-Jan-25,M,Partner App,5,California,Los Angeles County,2,5,Male
TX500597,Sandals,2,50.4,100.8,26-Jan-25,27-Jan-25,F,Target.com,4,California,Los Angeles County,1,5,Female
TX500598,Sneakers,1,85.8,85.8,26-Jan-25,26-Jan-25,F,Target.com,5,California,Los Angeles County,0,5,Female
TX500599,Graphic Tees,16,66.6,1065.6,26-Jan-25,28-Jan-25,M,Website,4,California,Los Angeles County,2,5,Male
TX500600,Jeans,4,70.3,281.2,26-Jan-25,27-Jan-25,F,App,3,California,Los Angeles County,1,5,Female
TX500601,T-Shirts,4,31,124,26-Jan-25,29-Jan-25,M,App,5,California,Los Angeles County,3,5,Male
TX500602,Hoodies & Sweatshirts,6,81.6,489.6,26-Jan-25,27-Jan-25,F,Website,3,California,Madera County,1,5,Female
TX500603,Tank Tops,25,58.3,1457.5,26-Jan-25,27-Jan-25,F,App,4,California,Napa County,1,5,Female
TX500604,Tank Tops,4,35.1,140.4,26-Jan-25,28-Jan-25,M,App,5,California,San Diego County,2,5,Male
TX500605,Sneakers,1,80.2,80.2,26-Jan-25,27-Jan-25,M,Instagram,5,California,San Diego County,1,5,Male
TX500606,Baseball Caps,3,39.2,117.6,26-Jan-25,28-Jan-25,F,Website,4,California,San Mateo County,2,5,Female
TX500607,Shorts,2,15.4,30.8,26-Jan-25,26-Jan-25,F,Instagram,4,California,Sierra County,0,5,Female
TX500608,Workout Tops,3,65.4,196.2,26-Jan-25,29-Jan-25,M,Instagram,4,California,Sonoma County,3,5,Male
TX500609,Tank Tops,8,63.2,505.6,26-Jan-25,28-Jan-25,F,Website,4,California,Stanislaus County,2,5,Female
TX500610,Tank Tops,6,35.7,214.2,26-Jan-25,30-Jan-25,F,Partner App,3,California,Stanislaus County,4,5,Female
TX500611,Shorts,20,26.2,524,26-Jan-25,27-Jan-25,F,Instagram,4,California,Alameda County,1,5,Female
TX500612,Hoodies & Sweatshirts,2,31,62,26-Jan-25,27-Jan-25,F,App,5,California,Contra Costa County,1,5,Female
TX500613,T-Shirts,4,37.7,150.8,26-Jan-25,27-Jan-25,F,Website,4,California,Kern County,1,5,Female
TX500614,Bikinis,34,43.6,1482.4,26-Jan-25,28-Jan-25,F,Partner App,3,California,Los Angeles County,2,5,Female
TX500615,Sundresses,4,26.5,106,26-Jan-25,28-Jan-25,M,App,2,California,Los Angeles County,2,5,Male
TX500616,Shorts,2,34.6,69.2,26-Jan-25,27-Jan-25,M,Partner App,3,California,Los Angeles County,1,5,Male
TX500617,T-Shirts,2,58.2,116.4,26-Jan-25,27-Jan-25,M,Target.com,5,California,Los Angeles County,1,5,Male
TX500618,Hoodies & Sweatshirts,1,30.2,30.2,27-Jan-25,28-Jan-25,F,Target.com,3,California,Los Angeles County,1,5,Female
TX500619,Tank Tops,10,53.2,532,27-Jan-25,28-Jan-25,M,App,5,California,Placer County,1,5,Male
TX500620,Casual Dresses,6,51.1,306.6,27-Jan-25,27-Jan-25,M,Website,5,California,Placer County,0,5,Male
TX500621,Tank Tops,1,105.4,105.4,27-Jan-25,31-Jan-25,F,Website,5,California,Riverside County,4,5,Female
TX500622,Hoodies & Sweatshirts,1,57.7,57.7,27-Jan-25,27-Jan-25,M,App,2,California,San Diego County,0,5,Male
TX500623,Crop Tops,2,72.4,144.8,27-Jan-25,1-Feb-25,F,App,4,California,San Francisco,5,5,Female
TX500624,Jeans,2,62.5,125,27-Jan-25,28-Jan-25,,App,5,California,Santa Clara County,1,5,Unknown
TX500625,Shorts,22,11.6,255.2,27-Jan-25,29-Jan-25,F,Instagram,5,California,Sonoma County,2,5,Female
TX500626,Bikinis,10,39.6,396,27-Jan-25,29-Jan-25,F,Target.com,5,California,Sonoma County,2,5,Female
TX500627,T-Shirts,2,40.1,80.2,27-Jan-25,28-Jan-25,F,Target.com,4,California,Sonoma County,1,5,Female
TX500628,T-Shirts,3,18.6,55.8,27-Jan-25,28-Jan-25,F,Target.com,4,California,Alameda County,1,5,Female
TX500629,Graphic Tees,1,58.8,58.8,27-Jan-25,29-Jan-25,F,App,3,California,Alameda County,2,5,Female
TX500630,T-Shirts,2,22.1,44.2,27-Jan-25,30-Jan-25,M,Website,5,California,Alameda County,3,5,Male
TX500631,Sneakers,1,114.9,114.9,28-Jan-25,29-Jan-25,F,Website,3,California,Kern County,1,5,Female
TX500632,Sundresses,5,75.8,379,28-Jan-25,29-Jan-25,M,App,5,California,Los Angeles County,1,5,Male
TX500633,Baseball Caps,5,20.6,103,28-Jan-25,29-Jan-25,M,Target.com,5,California,Los Angeles County,1,5,Male
TX500634,Pajama Sets,3,67.9,203.7,28-Jan-25,29-Jan-25,F,Website,3,California,Los Angeles County,1,5,Female
TX500635,Shorts,5,27,135,28-Jan-25,4-Feb-25,F,App,5,California,Los Angeles County,7,5,Female
TX500636,Tote Bags,1,50.6,50.6,28-Jan-25,28-Jan-25,M,App,3,California,Los Angeles County,0,5,Male
TX500637,Graphic Tees,5,22.1,110.5,28-Jan-25,2-Feb-25,M,App,4,California,Los Angeles County,5,5,Male
TX500638,T-Shirts,3,42.9,128.7,28-Jan-25,30-Jan-25,F,App,4,California,Los Angeles County,2,5,Female
TX500639,Tank Tops,11,62.4,686.4,28-Jan-25,30-Jan-25,F,Target.com,4,California,Los Angeles County,2,5,Female
TX500640,Tote Bags,9,36.4,327.6,28-Jan-25,30-Jan-25,F,App,5,California,Los Angeles County,2,5,Female
TX500641,Shorts,2,22.5,45,28-Jan-25,31-Jan-25,M,App,4,California,Los Angeles County,3,5,Male
TX500642,Jeans,4,70.8,283.2,28-Jan-25,30-Jan-25,F,Partner App,4,California,Los Angeles County,2,5,Female
TX500643,Jeans,5,56.6,283,28-Jan-25,30-Jan-25,M,App,3,California,Nevada County,2,5,Male
TX500644,Jeans,2,47.9,95.8,28-Jan-25,29-Jan-25,F,App,4,California,Sacramento County,1,5,Female
TX500645,Jeans,8,78.4,627.2,28-Jan-25,30-Jan-25,F,Website,4,California,Sacramento County,2,5,Female
TX500646,Sneakers,14,122.1,1709.4,28-Jan-25,2-Feb-25,F,App,5,California,Sacramento County,5,5,Female
TX500647,Sneakers,2,83.7,167.4,29-Jan-25,29-Jan-25,,Website,5,California,San Bernardino County,0,5,Unknown
TX500648,Workout Tops,4,97.9,391.6,29-Jan-25,2-Feb-25,F,Instagram,5,California,San Bernardino County,4,5,Female
TX500649,Baseball Caps,1,15,15,29-Jan-25,3-Feb-25,F,Instagram,4,California,San Diego County,5,5,Female
TX500650,Casual Dresses,3,94.6,283.8,29-Jan-25,30-Jan-25,M,Target.com,3,California,San Diego County,1,5,Male
TX500651,Shorts,6,19.7,118.2,29-Jan-25,9-Feb-25,F,App,5,California,San Diego County,11,5,Female
TX500652,Hoodies & Sweatshirts,1,46.7,46.7,29-Jan-25,1-Feb-25,F,Target.com,4,California,San Francisco,3,5,Female
TX500653,Tank Tops,4,43,172,29-Jan-25,30-Jan-25,M,Target.com,5,California,San Francisco,1,5,Male
TX500654,Jeans,3,68.2,204.6,29-Jan-25,4-Feb-25,F,App,4,California,San Mateo County,6,5,Female
TX500655,Bikinis,10,24.3,243,29-Jan-25,30-Jan-25,M,App,5,California,Santa Barbara County,1,5,Male
TX500656,Hoodies & Sweatshirts,2,86.8,173.6,29-Jan-25,2-Feb-25,F,Partner App,5,California,Santa Clara County,4,5,Female
TX500657,Shorts,2,15.8,31.6,29-Jan-25,31-Jan-25,M,Website,4,California,Santa Clara County,2,5,Male
TX500658,Sneakers,4,61.6,246.4,29-Jan-25,30-Jan-25,M,Target.com,4,California,Santa Clara County,1,5,Male
TX500659,Jeans,3,48.7,146.1,29-Jan-25,4-Feb-25,F,Website,5,California,Trinity County,6,5,Female
TX500660,T-Shirts,4,24.3,97.2,29-Jan-25,31-Jan-25,F,Website,5,California,Alameda County,2,5,Female
TX500661,Sneakers,2,130.7,261.4,29-Jan-25,30-Jan-25,F,Target.com,4,California,Humboldt County,1,5,Female
TX500662,Bikinis,1,26,26,29-Jan-25,31-Jan-25,M,App,4,California,Los Angeles County,2,5,Male
TX500663,Sneakers,5,94.4,472,29-Jan-25,30-Jan-25,F,App,4,California,Los Angeles County,1,5,Female
TX500664,Shorts,6,23.7,142.2,29-Jan-25,31-Jan-25,M,Target.com,5,California,Los Angeles County,2,5,Male
TX500665,Sundresses,12,37.4,448.8,29-Jan-25,31-Jan-25,M,Target.com,4,California,Los Angeles County,2,5,Male
TX500666,Tank Tops,36,55.2,1987.2,29-Jan-25,29-Jan-25,F,Instagram,3,California,Los Angeles County,0,5,Female
TX500667,Sneakers,9,57.1,513.9,29-Jan-25,31-Jan-25,M,App,5,California,Los Angeles County,2,5,Male
TX500668,Casual Dresses,1,55.3,55.3,29-Jan-25,30-Jan-25,F,Target.com,5,California,Los Angeles County,1,5,Female
TX500669,Crop Tops,7,23.9,167.3,29-Jan-25,30-Jan-25,F,Partner App,3,California,Los Angeles County,1,5,Female
TX500670,Shorts,1,34.1,34.1,29-Jan-25,5-Feb-25,F,Target.com,4,California,Los Angeles County,7,5,Female
TX500671,Casual Dresses,4,38.5,154,29-Jan-25,9-Feb-25,F,App,4,California,Los Angeles County,11,5,Female
TX500672,Hoodies & Sweatshirts,2,105,210,29-Jan-25,4-Feb-25,F,App,5,California,Los Angeles County,6,5,Female
TX500673,T-Shirts,5,45.2,226,29-Jan-25,31-Jan-25,F,App,5,California,Los Angeles County,2,5,Female
TX500674,Pajama Sets,3,24.8,74.4,29-Jan-25,29-Jan-25,,App,3,California,Los Angeles County,0,5,Unknown
TX500675,Maxi Dresses,4,43.8,175.2,29-Jan-25,5-Feb-25,F,Website,5,California,Sacramento County,7,5,Female
TX500676,Tank Tops,1,75,75,29-Jan-25,31-Jan-25,F,Partner App,3,California,Sacramento County,2,5,Female
TX500677,Sneakers,1,169.9,169.9,29-Jan-25,30-Jan-25,M,Target.com,4,California,Sacramento County,1,5,Male
TX500678,Sundresses,2,72.2,144.4,29-Jan-25,31-Jan-25,F,Partner App,3,California,Sacramento County,2,5,Female
TX500679,Shorts,1,20,20,30-Jan-25,2-Feb-25,F,Target.com,3,California,San Bernardino County,3,5,Female
TX500680,Sundresses,2,40.8,81.6,30-Jan-25,1-Feb-25,F,Instagram,5,California,San Diego County,2,5,Female
TX500681,Bikinis,4,58,232,30-Jan-25,3-Feb-25,F,App,4,California,San Diego County,4,5,Female
TX500682,Casual Dresses,2,43.1,86.2,30-Jan-25,31-Jan-25,F,Website,5,California,San Diego County,1,5,Female
TX500683,Jeans,9,74.7,672.3,30-Jan-25,1-Feb-25,M,App,5,California,San Diego County,2,5,Male
TX500684,Jeans,1,128.2,128.2,30-Jan-25,30-Jan-25,M,Website,4,California,San Diego County,0,5,Male
TX500685,Baseball Caps,4,26.7,106.8,30-Jan-25,31-Jan-25,M,Website,4,California,San Diego County,1,5,Male
TX500686,Pajama Sets,6,31.5,189,30-Jan-25,31-Jan-25,F,Target.com,4,California,San Francisco,1,5,Female
TX500687,Workout Tops,7,64.7,452.9,30-Jan-25,31-Jan-25,F,App,5,California,San Mateo County,1,5,Female
TX500688,Sandals,2,55.6,111.2,30-Jan-25,2-Feb-25,F,Instagram,4,California,Santa Clara County,3,5,Female
TX500689,Workout Tops,2,36.2,72.4,30-Jan-25,31-Jan-25,F,Instagram,4,California,Santa Clara County,1,5,Female
TX500690,Shorts,1,26.6,26.6,30-Jan-25,31-Jan-25,,Website,3,California,Stanislaus County,1,5,Unknown
TX500691,Bikinis,4,31.5,126,30-Jan-25,1-Feb-25,M,App,4,California,Sutter County,2,5,Male
TX500692,Bikinis,1,27,27,30-Jan-25,1-Feb-25,F,Website,5,California,Ventura County,2,5,Female
TX500693,Graphic Tees,1,32,32,30-Jan-25,2-Feb-25,M,Instagram,4,California,Alameda County,3,5,Male
TX500694,Tank Tops,3,48.1,144.3,30-Jan-25,1-Feb-25,M,Target.com,3,California,Contra Costa County,2,5,Male
TX500695,Sundresses,2,43.4,86.8,30-Jan-25,31-Jan-25,M,Website,3,California,Kern County,1,5,Male
TX500696,Jeans,2,42.6,85.2,30-Jan-25,2-Feb-25,F,Instagram,4,California,Kern County,3,5,Female
TX500697,T-Shirts,2,15.9,31.8,30-Jan-25,31-Jan-25,F,App,4,California,Kings County,1,5,Female
TX500698,Sundresses,2,63.2,126.4,30-Jan-25,31-Jan-25,M,Website,4,California,Los Angeles County,1,5,Male
TX500699,Hoodies & Sweatshirts,4,64.8,259.2,30-Jan-25,1-Feb-25,,Partner App,3,California,Los Angeles County,2,5,Unknown
TX500700,Hoodies & Sweatshirts,3,79.8,239.4,30-Jan-25,31-Jan-25,M,App,4,California,Los Angeles County,1,5,Male
TX500701,Sundresses,1,54.4,54.4,30-Jan-25,1-Feb-25,F,Partner App,5,California,Los Angeles County,2,5,Female
TX500702,Jeans,1,87.3,87.3,30-Jan-25,31-Jan-25,M,Website,4,California,Los Angeles County,1,5,Male
TX500703,T-Shirts,4,32.4,129.6,30-Jan-25,30-Jan-25,M,Website,4,California,Los Angeles County,0,5,Male
TX500704,Sneakers,1,177.4,177.4,30-Jan-25,3-Feb-25,M,App,5,California,Los Angeles County,4,5,Male
TX500705,Hoodies & Sweatshirts,2,70.1,140.2,30-Jan-25,31-Jan-25,M,Instagram,3,California,Los Angeles County,1,5,Male
TX500706,Sundresses,6,51.1,306.6,30-Jan-25,31-Jan-25,F,App,4,California,Los Angeles County,1,5,Female
TX500707,Sneakers,5,79.9,399.5,30-Jan-25,1-Feb-25,M,Instagram,5,California,Merced County,2,5,Male
TX500708,Jeans,1,57.6,57.6,31-Jan-25,5-Feb-25,M,App,5,California,Monterey County,5,5,Male
TX500709,T-Shirts,10,59.7,597,31-Jan-25,4-Feb-25,M,Target.com,4,California,Orange County,4,5,Male
TX500710,T-Shirts,5,30,150,31-Jan-25,2-Feb-25,M,Website,4,California,Sacramento County,2,5,Male
TX500711,Bikinis,2,69.2,138.4,31-Jan-25,2-Feb-25,,Target.com,3,California,Sacramento County,2,5,Unknown
TX500712,Shorts,8,10.9,87.2,31-Jan-25,1-Feb-25,F,App,5,California,Sacramento County,1,5,Female
TX500713,Sunglasses,2,48.6,97.2,31-Jan-25,4-Feb-25,M,Website,5,California,Sacramento County,4,5,Male
TX500714,Sneakers,2,61.1,122.2,31-Jan-25,3-Feb-25,F,Website,5,California,San Bernardino County,3,5,Female
TX500715,T-Shirts,2,23.2,46.4,31-Jan-25,1-Feb-25,M,Instagram,5,California,San Diego County,1,5,Male
TX500716,Casual Dresses,4,55.8,223.2,31-Jan-25,1-Feb-25,M,App,4,California,San Diego County,1,5,Male
TX500717,Sundresses,4,24.8,99.2,31-Jan-25,1-Feb-25,F,App,5,California,San Diego County,1,5,Female
TX500718,Bikinis,2,27.9,55.8,31-Jan-25,31-Jan-25,M,Target.com,5,California,San Diego County,0,5,Male
TX500719,Bikinis,6,51.1,306.6,31-Jan-25,31-Jan-25,F,Instagram,4,California,San Diego County,0,5,Female
TX500720,Pajama Sets,11,32.7,359.7,31-Jan-25,1-Feb-25,M,Partner App,5,California,San Francisco,1,5,Male
TX500721,T-Shirts,4,22.5,90,31-Jan-25,31-Jan-25,M,App,5,California,San Joaquin County,0,5,Male
TX500722,Shorts,7,14.6,102.2,31-Jan-25,1-Feb-25,F,Target.com,4,California,San Luis Obispo County,1,5,Female
TX500723,Sandals,3,32.5,97.5,31-Jan-25,3-Feb-25,M,App,4,California,Santa Barbara County,3,5,Male
TX500724,Leggings,1,78.1,78.1,31-Jan-25,3-Feb-25,M,App,5,California,Santa Clara County,3,5,Male
TX500725,Casual Dresses,6,110.2,661.2,31-Jan-25,31-Jan-25,M,Website,2,California,Ventura County,0,5,Male
TX500726,Jeans,3,86.3,258.9,31-Jan-25,2-Feb-25,F,Instagram,4,California,Alameda County,2,5,Female
TX500727,Tank Tops,6,73.6,441.6,31-Jan-25,2-Feb-25,O,Instagram,2,California,Humboldt County,2,5,Other
TX500728,Jeans,13,67.7,880.1,31-Jan-25,2-Feb-25,F,App,5,California,Los Angeles County,2,5,Female
TX500729,Hoodies & Sweatshirts,6,142.2,853.2,31-Jan-25,1-Feb-25,F,Target.com,2,California,Los Angeles County,1,5,Female
TX500730,Tank Tops,9,45.8,412.2,31-Jan-25,2-Feb-25,F,Website,5,California,Los Angeles County,2,5,Female
TX500731,Bikinis,2,24.2,48.4,1-Feb-25,4-Feb-25,F,Instagram,5,California,Los Angeles County,3,5,Female
TX500732,Sneakers,3,144.9,434.7,1-Feb-25,2-Feb-25,O,Target.com,5,California,Los Angeles County,1,5,Other
TX500733,Maxi Dresses,5,32.8,164,1-Feb-25,4-Feb-25,F,Target.com,4,California,Riverside County,3,5,Female
TX500734,Hoodies & Sweatshirts,10,35.7,357,1-Feb-25,1-Feb-25,F,App,3,California,Sacramento County,0,5,Female
TX500735,Sundresses,2,54.6,109.2,1-Feb-25,2-Feb-25,F,Target.com,4,California,Sacramento County,1,5,Female
TX500736,T-Shirts,2,35.7,71.4,1-Feb-25,4-Feb-25,,App,3,California,Sacramento County,3,5,Unknown
TX500737,Bikinis,2,52.4,104.8,1-Feb-25,1-Feb-25,F,App,1,California,Sacramento County,0,5,Female
TX500738,T-Shirts,14,16.2,226.8,1-Feb-25,2-Feb-25,,App,3,California,San Diego County,1,5,Unknown
TX500739,Jeans,47,42.8,2011.6,1-Feb-25,2-Feb-25,F,App,4,California,San Diego County,1,5,Female
TX500740,Jeans,9,144.4,1299.6,1-Feb-25,4-Feb-25,F,Partner App,4,California,San Diego County,3,5,Female
TX500741,Workout Tops,36,30.6,1101.6,1-Feb-25,5-Feb-25,F,Target.com,5,California,Santa Clara County,4,5,Female
TX500742,Sneakers,2,117.5,235,1-Feb-25,2-Feb-25,M,App,4,California,Stanislaus County,1,5,Male
TX500743,Jeans,2,105.7,211.4,1-Feb-25,2-Feb-25,F,Target.com,5,California,Alameda County,1,5,Female
TX500744,Workout Tops,3,133.7,401.1,1-Feb-25,2-Feb-25,,Partner App,5,California,Alameda County,1,5,Unknown
TX500745,Graphic Tees,5,46.8,234,2-Feb-25,10-Feb-25,F,App,3,California,Alameda County,8,6,Female
TX500746,Bikinis,3,58.4,175.2,2-Feb-25,4-Feb-25,F,App,4,California,Contra Costa County,2,6,Female
TX500747,Jeans,9,65.1,585.9,2-Feb-25,6-Feb-25,M,Website,5,California,Kern County,4,6,Male
TX500748,T-Shirts,1,18.6,18.6,2-Feb-25,5-Feb-25,F,App,2,California,Kern County,3,6,Female
TX500749,Tank Tops,11,92.3,1015.3,2-Feb-25,4-Feb-25,M,Website,4,California,Los Angeles County,2,6,Male
TX500750,Jeans,3,81.7,245.1,2-Feb-25,3-Feb-25,,Partner App,2,California,Los Angeles County,1,6,Unknown
TX500751,T-Shirts,2,40.9,81.8,2-Feb-25,4-Feb-25,M,App,3,California,Los Angeles County,2,6,Male
TX500752,Jeans,4,43.2,172.8,2-Feb-25,8-Feb-25,F,App,3,California,Los Angeles County,6,6,Female
TX500753,T-Shirts,11,25.8,283.8,2-Feb-25,5-Feb-25,M,Target.com,3,California,Los Angeles County,3,6,Male
TX500754,Crop Tops,4,36.4,145.6,2-Feb-25,3-Feb-25,M,App,4,California,Los Angeles County,1,6,Male
TX500755,Bikinis,1,59.1,59.1,2-Feb-25,3-Feb-25,F,Target.com,4,California,San Bernardino County,1,6,Female
TX500756,Sneakers,17,74.5,1266.5,2-Feb-25,4-Feb-25,M,Partner App,4,California,Sonoma County,2,6,Male
TX500757,Sandals,1,72.8,72.8,2-Feb-25,3-Feb-25,F,App,3,California,Stanislaus County,1,6,Female
TX500758,Jeans,4,137.3,549.2,2-Feb-25,5-Feb-25,F,App,4,California,Ventura County,3,6,Female
TX500759,Tank Tops,3,48.7,146.1,2-Feb-25,7-Feb-25,F,App,3,California,Alameda County,5,6,Female
TX500760,Jeans,4,53.7,214.8,2-Feb-25,6-Feb-25,M,Website,2,California,Fresno County,4,6,Male
TX500761,Sneakers,7,100.9,706.3,2-Feb-25,4-Feb-25,F,App,3,California,Fresno County,2,6,Female
TX500762,Bikinis,2,41.8,83.6,2-Feb-25,6-Feb-25,M,Instagram,5,California,Kern County,4,6,Male
TX500763,Graphic Tees,8,28.5,228,2-Feb-25,4-Feb-25,M,Target.com,3,California,Los Angeles County,2,6,Male
TX500764,Hoodies & Sweatshirts,4,88.9,355.6,2-Feb-25,5-Feb-25,F,App,5,California,Los Angeles County,3,6,Female
TX500765,Jeans,1,62.5,62.5,2-Feb-25,11-Feb-25,F,App,5,California,Los Angeles County,9,6,Female
TX500766,Tank Tops,3,46.9,140.7,2-Feb-25,3-Feb-25,M,App,5,California,Los Angeles County,1,6,Male
TX500767,T-Shirts,3,45,135,2-Feb-25,16-Feb-25,M,Website,4,California,Los Angeles County,14,6,Male
TX500768,Jeans,3,45.2,135.6,2-Feb-25,4-Feb-25,M,Partner App,5,California,Los Angeles County,2,6,Male
TX500769,Graphic Tees,2,60.1,120.2,2-Feb-25,3-Feb-25,F,App,5,California,Los Angeles County,1,6,Female
TX500770,Casual Dresses,4,118.7,474.8,2-Feb-25,4-Feb-25,F,App,4,California,Los Angeles County,2,6,Female
TX500771,Sundresses,1,57.8,57.8,2-Feb-25,11-Feb-25,F,Website,4,California,Los Angeles County,9,6,Female
TX500772,Graphic Tees,1,19.5,19.5,2-Feb-25,3-Feb-25,M,Website,3,California,Los Angeles County,1,6,Male
TX500773,Casual Dresses,1,42.6,42.6,2-Feb-25,3-Feb-25,M,App,3,California,Los Angeles County,1,6,Male
TX500774,Jeans,2,74.8,149.6,2-Feb-25,3-Feb-25,F,Instagram,5,California,Madera County,1,6,Female
TX500775,T-Shirts,3,32.5,97.5,2-Feb-25,3-Feb-25,M,Target.com,2,California,Napa County,1,6,Male
TX500776,Sneakers,3,60.5,181.5,2-Feb-25,2-Feb-25,F,Website,5,California,Orange County,0,6,Female
TX500777,Tank Tops,7,57.2,400.4,2-Feb-25,4-Feb-25,,Target.com,4,California,Orange County,2,6,Unknown
TX500778,Sunglasses,2,112,224,2-Feb-25,3-Feb-25,F,Website,3,California,Placer County,1,6,Female
TX500779,Hoodies & Sweatshirts,10,49,490,2-Feb-25,3-Feb-25,O,Target.com,3,California,Sacramento County,1,6,Other
TX500780,Shorts,2,33.7,67.4,2-Feb-25,6-Feb-25,F,Instagram,4,California,Sacramento County,4,6,Female
TX500781,Graphic Tees,3,35.6,106.8,2-Feb-25,5-Feb-25,F,App,5,California,Sacramento County,3,6,Female
TX500782,Graphic Tees,35,30.4,1064,3-Feb-25,3-Feb-25,F,App,3,California,San Bernardino County,0,6,Female
TX500783,Bikinis,12,50.2,602.4,3-Feb-25,4-Feb-25,M,Partner App,4,California,San Diego County,1,6,Male
TX500784,Tank Tops,2,43.7,87.4,3-Feb-25,5-Feb-25,F,App,4,California,San Diego County,2,6,Female
TX500785,Bikinis,1,33.3,33.3,3-Feb-25,4-Feb-25,F,Target.com,3,California,San Diego County,1,6,Female
TX500786,T-Shirts,4,15.1,60.4,3-Feb-25,5-Feb-25,F,Partner App,5,California,San Diego County,2,6,Female
TX500787,Jeans,5,118.2,591,3-Feb-25,4-Feb-25,F,Instagram,2,California,San Diego County,1,6,Female
TX500788,Bikinis,3,28.9,86.7,3-Feb-25,5-Feb-25,F,Target.com,3,California,San Diego County,2,6,Female
TX500789,Graphic Tees,3,55.6,166.8,3-Feb-25,4-Feb-25,M,App,3,California,San Diego County,1,6,Male
TX500790,Sundresses,4,25.6,102.4,3-Feb-25,5-Feb-25,F,App,3,California,San Diego County,2,6,Female
TX500791,Hoodies & Sweatshirts,3,31.3,93.9,3-Feb-25,4-Feb-25,M,App,4,California,San Francisco,1,6,Male
TX500792,Shorts,3,22.1,66.3,3-Feb-25,7-Feb-25,M,App,4,California,San Francisco,4,6,Male
TX500793,Sneakers,14,99.4,1391.6,3-Feb-25,4-Feb-25,M,Website,4,California,Santa Clara County,1,6,Male
TX500794,Hoodies & Sweatshirts,6,66.6,399.6,3-Feb-25,4-Feb-25,F,App,4,California,Santa Clara County,1,6,Female
TX500795,T-Shirts,2,22.6,45.2,3-Feb-25,6-Feb-25,M,App,4,California,Santa Clara County,3,6,Male
TX500796,Sneakers,18,66.8,1202.4,3-Feb-25,4-Feb-25,F,App,2,California,Ventura County,1,6,Female
TX500797,Shorts,4,20.8,83.2,3-Feb-25,10-Feb-25,M,Website,2,California,Contra Costa County,7,6,Male
TX500798,Sneakers,7,102.5,717.5,3-Feb-25,4-Feb-25,F,Partner App,5,California,Los Angeles County,1,6,Female
TX500799,Shorts,18,24.8,446.4,3-Feb-25,7-Feb-25,F,App,4,California,Los Angeles County,4,6,Female
TX500800,Graphic Tees,31,31.4,973.4,3-Feb-25,4-Feb-25,F,Instagram,4,California,Los Angeles County,1,6,Female
TX500801,Sundresses,5,59.3,296.5,3-Feb-25,6-Feb-25,M,Website,5,California,Marin County,3,6,Male
TX500802,Maxi Dresses,6,39,234,3-Feb-25,6-Feb-25,M,Website,4,California,Sacramento County,3,6,Male
TX500803,Sandals,6,98.6,591.6,3-Feb-25,5-Feb-25,F,Website,4,California,Sacramento County,2,6,Female
TX500804,T-Shirts,1,20,20,4-Feb-25,5-Feb-25,M,Instagram,5,California,San Diego County,1,6,Male
TX500805,Tank Tops,2,42.9,85.8,4-Feb-25,6-Feb-25,F,App,5,California,San Diego County,2,6,Female
TX500806,Hoodies & Sweatshirts,7,55.6,389.2,4-Feb-25,6-Feb-25,F,Target.com,3,California,San Diego County,2,6,Female
TX500807,T-Shirts,4,19.2,76.8,4-Feb-25,9-Feb-25,F,App,4,California,San Luis Obispo County,5,6,Female
TX500808,Sandals,2,28.8,57.6,4-Feb-25,6-Feb-25,M,Website,4,California,Sonoma County,2,6,Male
TX500809,Graphic Tees,1,29.7,29.7,4-Feb-25,6-Feb-25,F,Target.com,2,California,Tulare County,2,6,Female
TX500810,Jeans,6,63.3,379.8,4-Feb-25,5-Feb-25,,App,5,California,Alameda County,1,6,Unknown
TX500811,Graphic Tees,1,46,46,4-Feb-25,5-Feb-25,F,App,5,California,Alameda County,1,6,Female
TX500812,Maxi Dresses,3,38,114,4-Feb-25,6-Feb-25,F,Website,5,California,Alameda County,2,6,Female
TX500813,Bikinis,13,34.6,449.8,4-Feb-25,6-Feb-25,F,App,3,California,Alameda County,2,6,Female
TX500814,Workout Tops,10,79.7,797,4-Feb-25,5-Feb-25,F,Partner App,3,California,Alameda County,1,6,Female
TX500815,T-Shirts,8,30.5,244,4-Feb-25,8-Feb-25,M,Instagram,4,California,Contra Costa County,4,6,Male
TX500816,Shorts,2,20.8,41.6,4-Feb-25,5-Feb-25,F,App,4,California,Fresno County,1,6,Female
TX500817,Maxi Dresses,7,48.5,339.5,4-Feb-25,8-Feb-25,F,Target.com,5,California,Fresno County,4,6,Female
TX500818,Sneakers,4,61.8,247.2,4-Feb-25,8-Feb-25,F,Partner App,4,California,Kern County,4,6,Female
TX500819,Bikinis,1,46.1,46.1,4-Feb-25,5-Feb-25,O,Target.com,4,California,Los Angeles County,1,6,Other
TX500820,Graphic Tees,6,44,264,4-Feb-25,5-Feb-25,F,App,4,California,Los Angeles County,1,6,Female
TX500821,Leggings,2,95.7,191.4,4-Feb-25,10-Feb-25,F,Instagram,5,California,Los Angeles County,6,6,Female
TX500822,Hoodies & Sweatshirts,5,46.4,232,4-Feb-25,7-Feb-25,F,App,4,California,Los Angeles County,3,6,Female
TX500823,Jeans,2,47.2,94.4,4-Feb-25,6-Feb-25,F,App,5,California,Los Angeles County,2,6,Female
TX500824,Hoodies & Sweatshirts,2,58.6,117.2,4-Feb-25,5-Feb-25,F,Target.com,3,California,Los Angeles County,1,6,Female
TX500825,Graphic Tees,3,57,171,4-Feb-25,5-Feb-25,M,App,5,California,Los Angeles County,1,6,Male
TX500826,T-Shirts,4,28.9,115.6,4-Feb-25,8-Feb-25,M,Target.com,4,California,Los Angeles County,4,6,Male
TX500827,Casual Dresses,5,60.7,303.5,4-Feb-25,8-Feb-25,,Website,3,California,Los Angeles County,4,6,Unknown
TX500828,Jeans,5,60.8,304,4-Feb-25,8-Feb-25,M,App,3,California,Los Angeles County,4,6,Male
TX500829,Jeans,5,64.6,323,4-Feb-25,5-Feb-25,F,Instagram,4,California,Los Angeles County,1,6,Female
TX500830,T-Shirts,1,21.9,21.9,4-Feb-25,7-Feb-25,M,Website,5,California,Nevada County,3,6,Male
TX500831,Graphic Tees,12,33.4,400.8,4-Feb-25,6-Feb-25,F,App,4,California,Riverside County,2,6,Female
TX500832,Sneakers,1,51.7,51.7,4-Feb-25,5-Feb-25,,App,4,California,Sacramento County,1,6,Unknown
TX500833,Tank Tops,4,84.9,339.6,4-Feb-25,5-Feb-25,F,Website,3,California,Sacramento County,1,6,Female
TX500834,Tank Tops,11,62.3,685.3,4-Feb-25,5-Feb-25,F,Target.com,5,California,San Bernardino County,1,6,Female
TX500835,Graphic Tees,1,50.7,50.7,4-Feb-25,6-Feb-25,M,Target.com,5,California,San Diego County,2,6,Male
TX500836,Leggings,1,39.5,39.5,4-Feb-25,5-Feb-25,M,Partner App,3,California,San Diego County,1,6,Male
TX500837,Casual Dresses,3,30.9,92.7,4-Feb-25,5-Feb-25,,Partner App,5,California,San Diego County,1,6,Unknown
TX500838,Tank Tops,7,36.4,254.8,4-Feb-25,7-Feb-25,F,App,5,California,San Diego County,3,6,Female
TX500839,Jeans,8,105.6,844.8,4-Feb-25,14-Feb-25,F,App,4,California,San Diego County,10,6,Female
TX500840,T-Shirts,2,22.1,44.2,4-Feb-25,5-Feb-25,F,App,5,California,San Francisco,1,6,Female
TX500841,Shorts,3,22.6,67.8,4-Feb-25,5-Feb-25,F,Target.com,4,California,San Francisco,1,6,Female
TX500842,Bikinis,6,26.3,157.8,4-Feb-25,4-Feb-25,F,Target.com,4,California,San Mateo County,0,6,Female
TX500843,Tank Tops,4,37.8,151.2,4-Feb-25,5-Feb-25,F,App,5,California,Santa Clara County,1,6,Female
TX500844,Jeans,17,96,1632,4-Feb-25,7-Feb-25,F,Partner App,3,California,Sonoma County,3,6,Female
TX500845,Tank Tops,1,83.6,83.6,4-Feb-25,7-Feb-25,F,Target.com,3,California,Stanislaus County,3,6,Female
TX500846,Sneakers,6,72.6,435.6,4-Feb-25,5-Feb-25,F,App,4,California,Alameda County,1,6,Female
TX500847,Sandals,20,69.1,1382,5-Feb-25,11-Feb-25,M,App,5,California,Alameda County,6,6,Male
TX500848,Graphic Tees,2,22.6,45.2,5-Feb-25,7-Feb-25,F,Website,5,California,Alameda County,2,6,Female
TX500849,Jeans,2,45.3,90.6,5-Feb-25,9-Feb-25,M,Partner App,5,California,Alameda County,4,6,Male
TX500850,Sneakers,2,115.1,230.2,5-Feb-25,6-Feb-25,F,Website,4,California,Contra Costa County,1,6,Female
TX500851,Leggings,4,79,316,5-Feb-25,7-Feb-25,M,Target.com,2,California,Contra Costa County,2,6,Male
TX500852,Jeans,5,52.8,264,5-Feb-25,6-Feb-25,F,App,4,California,El Dorado County,1,6,Female
TX500853,T-Shirts,2,34.1,68.2,5-Feb-25,6-Feb-25,M,Instagram,5,California,Humboldt County,1,6,Male
TX500854,Jeans,5,107.9,539.5,5-Feb-25,5-Feb-25,F,App,5,California,Lake County,0,6,Female
TX500855,T-Shirts,13,48.5,630.5,5-Feb-25,5-Feb-25,M,Target.com,5,California,Los Angeles County,0,6,Male
TX500856,Sandals,3,34.7,104.1,5-Feb-25,6-Feb-25,,Partner App,3,California,Los Angeles County,1,6,Unknown
TX500857,T-Shirts,1,16.8,16.8,5-Feb-25,7-Feb-25,F,Instagram,4,California,Los Angeles County,2,6,Female
TX500858,T-Shirts,6,18.3,109.8,5-Feb-25,8-Feb-25,F,App,4,California,Los Angeles County,3,6,Female
TX500859,Leggings,3,55.9,167.7,5-Feb-25,11-Feb-25,M,Instagram,3,California,Los Angeles County,6,6,Male
TX500860,T-Shirts,3,39.2,117.6,5-Feb-25,7-Feb-25,F,App,3,California,Los Angeles County,2,6,Female
TX500861,Crop Tops,4,66.5,266,5-Feb-25,7-Feb-25,,Instagram,3,California,Los Angeles County,2,6,Unknown
TX500862,Jeans,6,52.1,312.6,5-Feb-25,7-Feb-25,M,Website,3,California,Napa County,2,6,Male
TX500863,T-Shirts,2,19,38,5-Feb-25,6-Feb-25,M,Partner App,5,California,Sacramento County,1,6,Male
TX500864,Hoodies & Sweatshirts,3,84.8,254.4,5-Feb-25,7-Feb-25,F,Target.com,4,California,San Diego County,2,6,Female
TX500865,Sneakers,4,63.9,255.6,5-Feb-25,8-Feb-25,F,App,4,California,San Diego County,3,6,Female
TX500866,Sneakers,3,65.5,196.5,5-Feb-25,5-Feb-25,F,Website,3,California,San Diego County,0,6,Female
TX500867,Casual Dresses,2,116.2,232.4,5-Feb-25,11-Feb-25,M,Instagram,4,California,San Francisco,6,6,Male
TX500868,Bikinis,4,22.9,91.6,5-Feb-25,7-Feb-25,F,Target.com,3,California,Solano County,2,6,Female
TX500869,Bikinis,3,53.7,161.1,5-Feb-25,6-Feb-25,M,App,2,California,Sonoma County,1,6,Male
TX500870,Jeans,5,43.2,216,5-Feb-25,7-Feb-25,F,App,4,California,Stanislaus County,2,6,Female
TX500871,Tank Tops,3,84.5,253.5,5-Feb-25,7-Feb-25,M,Target.com,5,California,Butte County,2,6,Male
TX500872,Workout Tops,2,42.2,84.4,5-Feb-25,6-Feb-25,F,Website,5,California,Contra Costa County,1,6,Female
TX500873,Sneakers,6,94.7,568.2,5-Feb-25,8-Feb-25,F,Website,5,California,Fresno County,3,6,Female
TX500874,T-Shirts,18,16.7,300.6,5-Feb-25,17-Feb-25,F,App,5,California,Fresno County,12,6,Female
TX500875,Sneakers,2,83.6,167.2,5-Feb-25,11-Feb-25,F,Website,4,California,Los Angeles County,6,6,Female
TX500876,Hoodies & Sweatshirts,6,33.6,201.6,6-Feb-25,7-Feb-25,F,Instagram,4,California,Los Angeles County,1,6,Female
TX500877,Hoodies & Sweatshirts,2,64.7,129.4,6-Feb-25,8-Feb-25,M,Website,5,California,Los Angeles County,2,6,Male
TX500878,Shorts,3,15.7,47.1,6-Feb-25,12-Feb-25,F,App,4,California,Los Angeles County,6,6,Female
TX500879,Crop Tops,6,49.4,296.4,6-Feb-25,6-Feb-25,M,Website,4,California,Los Angeles County,0,6,Male
TX500880,Bikinis,6,37,222,6-Feb-25,9-Feb-25,F,Website,5,California,Los Angeles County,3,6,Female
TX500881,Sneakers,2,83.7,167.4,6-Feb-25,8-Feb-25,F,Instagram,5,California,Los Angeles County,2,6,Female
TX500882,Tank Tops,5,35.1,175.5,6-Feb-25,7-Feb-25,F,App,4,California,Los Angeles County,1,6,Female
TX500883,Sunglasses,8,74,592,6-Feb-25,7-Feb-25,F,Partner App,4,California,Madera County,1,6,Female
TX500884,Jeans,24,55.5,1332,6-Feb-25,9-Feb-25,M,Instagram,4,California,Monterey County,3,6,Male
TX500885,Maxi Dresses,2,38.9,77.8,6-Feb-25,8-Feb-25,F,Website,5,California,Orange County,2,6,Female
TX500886,Sunglasses,2,64.6,129.2,6-Feb-25,13-Feb-25,M,Target.com,3,California,Orange County,7,6,Male
TX500887,Sneakers,3,95.3,285.9,6-Feb-25,7-Feb-25,M,App,4,California,Placer County,1,6,Male
TX500888,Tote Bags,3,25.8,77.4,6-Feb-25,7-Feb-25,F,Website,3,California,Sacramento County,1,6,Female
TX500889,Shorts,2,11.6,23.2,6-Feb-25,10-Feb-25,F,Website,3,California,Sacramento County,4,6,Female
TX500890,Hoodies & Sweatshirts,1,52.3,52.3,6-Feb-25,7-Feb-25,F,Website,4,California,San Diego County,1,6,Female
TX500891,Sneakers,10,112.2,1122,6-Feb-25,7-Feb-25,F,Website,3,California,San Diego County,1,6,Female
TX500892,Graphic Tees,5,34.6,173,6-Feb-25,8-Feb-25,M,Target.com,4,California,San Diego County,2,6,Male
TX500893,Baseball Caps,4,20.1,80.4,6-Feb-25,12-Feb-25,M,Website,5,California,San Diego County,6,6,Male
TX500894,Sneakers,4,56.4,225.6,6-Feb-25,8-Feb-25,F,Target.com,4,California,Santa Barbara County,2,6,Female
TX500895,Tote Bags,9,55.3,497.7,6-Feb-25,8-Feb-25,F,Website,2,California,Santa Clara County,2,6,Female
TX500896,Sneakers,28,75.5,2114,6-Feb-25,7-Feb-25,F,App,4,California,Santa Clara County,1,6,Female
TX500897,T-Shirts,1,23.6,23.6,6-Feb-25,11-Feb-25,F,App,4,California,Stanislaus County,5,6,Female
TX500898,Sundresses,2,70.7,141.4,6-Feb-25,8-Feb-25,F,Target.com,4,California,Stanislaus County,2,6,Female
TX500899,Casual Dresses,2,43.2,86.4,6-Feb-25,7-Feb-25,F,Target.com,4,California,Sutter County,1,6,Female
TX500900,Sundresses,9,70,630,6-Feb-25,7-Feb-25,,Website,4,California,Tuolumne County,1,6,Unknown
TX500901,Shorts,2,20.5,41,6-Feb-25,8-Feb-25,F,Target.com,2,California,Ventura County,2,6,Female
TX500902,Shorts,4,29.1,116.4,6-Feb-25,7-Feb-25,F,Instagram,4,California,Yolo County,1,6,Female
TX500903,Jeans,9,53.6,482.4,6-Feb-25,7-Feb-25,M,Target.com,3,California,Los Angeles County,1,6,Male
TX500904,Jeans,5,72.3,361.5,6-Feb-25,8-Feb-25,F,Website,4,California,Los Angeles County,2,6,Female
TX500905,Tote Bags,4,22.6,90.4,6-Feb-25,9-Feb-25,O,App,3,California,Los Angeles County,3,6,Other
TX500906,Sundresses,2,44.2,88.4,6-Feb-25,10-Feb-25,,Target.com,2,California,Los Angeles County,4,6,Unknown
TX500907,Sundresses,3,94.1,282.3,6-Feb-25,19-Feb-25,F,Target.com,5,California,Los Angeles County,13,6,Female
TX500908,T-Shirts,3,17.9,53.7,6-Feb-25,8-Feb-25,M,Website,3,California,Los Angeles County,2,6,Male
TX500909,Casual Dresses,7,52.7,368.9,6-Feb-25,7-Feb-25,M,Website,3,California,Los Angeles County,1,6,Male
TX500910,T-Shirts,1,36.8,36.8,6-Feb-25,6-Feb-25,,App,5,California,Los Angeles County,0,6,Unknown
TX500911,Graphic Tees,1,52.5,52.5,6-Feb-25,7-Feb-25,M,App,3,California,Sacramento County,1,6,Male
TX500912,Sneakers,2,133.8,267.6,6-Feb-25,8-Feb-25,M,App,3,California,San Bernardino County,2,6,Male
TX500913,Jeans,2,53.2,106.4,6-Feb-25,8-Feb-25,M,App,4,California,San Francisco,2,6,Male
TX500914,Baseball Caps,6,18.7,112.2,6-Feb-25,8-Feb-25,,App,3,California,Santa Barbara County,2,6,Unknown
TX500915,Jeans,4,108.8,435.2,6-Feb-25,7-Feb-25,F,Instagram,5,California,Santa Clara County,1,6,Female
TX500916,Crop Tops,5,38.5,192.5,6-Feb-25,10-Feb-25,F,App,3,California,Calaveras County,4,6,Female
TX500917,Bikinis,10,46.5,465,6-Feb-25,8-Feb-25,M,Target.com,3,California,Fresno County,2,6,Male
TX500918,Sneakers,3,75.8,227.4,6-Feb-25,10-Feb-25,F,Website,2,California,Humboldt County,4,6,Female
TX500919,T-Shirts,1,20.9,20.9,6-Feb-25,10-Feb-25,M,App,4,California,Kern County,4,6,Male
TX500920,Leggings,3,47.4,142.2,6-Feb-25,9-Feb-25,F,App,4,California,Los Angeles County,3,6,Female
TX500921,Sundresses,2,53.8,107.6,6-Feb-25,7-Feb-25,,App,3,California,Los Angeles County,1,6,Unknown
TX500922,T-Shirts,3,24.6,73.8,6-Feb-25,8-Feb-25,O,Website,5,California,Los Angeles County,2,6,Other
TX500923,Sundresses,3,70.9,212.7,6-Feb-25,11-Feb-25,F,Target.com,5,California,Los Angeles County,5,6,Female
TX500924,Pajama Sets,3,31.9,95.7,6-Feb-25,8-Feb-25,F,Target.com,5,California,Los Angeles County,2,6,Female
TX500925,Shorts,2,20.4,40.8,6-Feb-25,10-Feb-25,M,Instagram,5,California,Los Angeles County,4,6,Male
TX500926,T-Shirts,2,18.6,37.2,6-Feb-25,8-Feb-25,,App,3,California,Los Angeles County,2,6,Unknown
TX500927,Graphic Tees,5,48.3,241.5,6-Feb-25,8-Feb-25,F,Website,4,California,Los Angeles County,2,6,Female
TX500928,Shorts,4,27.7,110.8,6-Feb-25,8-Feb-25,F,App,4,California,Los Angeles County,2,6,Female
TX500929,Graphic Tees,5,22.5,112.5,6-Feb-25,8-Feb-25,F,Partner App,5,California,Los Angeles County,2,6,Female
TX500930,Pajama Sets,5,21.6,108,6-Feb-25,14-Feb-25,F,App,3,California,Los Angeles County,8,6,Female
TX500931,Bikinis,7,26.3,184.1,6-Feb-25,6-Feb-25,F,Target.com,3,California,Los Angeles County,0,6,Female
TX500932,Jeans,7,103,721,7-Feb-25,8-Feb-25,M,App,5,California,Sacramento County,1,6,Male
TX500933,Sandals,15,46.6,699,7-Feb-25,8-Feb-25,F,App,3,California,Sacramento County,1,6,Female
TX500934,Shorts,5,32.2,161,7-Feb-25,10-Feb-25,F,App,5,California,San Benito County,3,6,Female
TX500935,T-Shirts,3,22,66,7-Feb-25,14-Feb-25,M,Website,4,California,San Bernardino County,7,6,Male
TX500936,Shorts,2,25.2,50.4,7-Feb-25,11-Feb-25,F,App,4,California,San Bernardino County,4,6,Female
TX500937,Tank Tops,6,68.7,412.2,7-Feb-25,9-Feb-25,M,Partner App,4,California,San Diego County,2,6,Male
TX500938,Shorts,3,22.2,66.6,7-Feb-25,10-Feb-25,M,Target.com,5,California,San Diego County,3,6,Male
TX500939,Tank Tops,7,36,252,7-Feb-25,8-Feb-25,F,Website,4,California,San Diego County,1,6,Female
TX500940,Leggings,1,50.6,50.6,7-Feb-25,9-Feb-25,F,App,3,California,San Diego County,2,6,Female
TX500941,Crop Tops,2,44.9,89.8,7-Feb-25,9-Feb-25,M,App,3,California,San Diego County,2,6,Male
TX500942,Jeans,3,71.6,214.8,7-Feb-25,11-Feb-25,M,Website,5,California,Santa Barbara County,4,6,Male
TX500943,Jeans,6,51.5,309,7-Feb-25,9-Feb-25,,Partner App,4,California,Santa Clara County,2,6,Unknown
TX500944,Hoodies & Sweatshirts,5,55.5,277.5,7-Feb-25,8-Feb-25,M,Website,3,California,Santa Clara County,1,6,Male
TX500945,Jeans,1,51.7,51.7,7-Feb-25,21-Feb-25,M,Target.com,4,California,Stanislaus County,14,6,Male
TX500946,T-Shirts,21,45.5,955.5,7-Feb-25,8-Feb-25,F,Instagram,5,California,Stanislaus County,1,6,Female
TX500947,T-Shirts,2,33.8,67.6,7-Feb-25,13-Feb-25,F,Instagram,4,California,Tulare County,6,6,Female
TX500948,Workout Tops,3,76.5,229.5,7-Feb-25,8-Feb-25,F,App,3,California,Alameda County,1,6,Female
TX500949,Sundresses,3,42.6,127.8,7-Feb-25,13-Feb-25,F,Target.com,5,California,Fresno County,6,6,Female
TX500950,Jeans,3,44.1,132.3,7-Feb-25,9-Feb-25,F,Website,3,California,Kern County,2,6,Female
TX500951,T-Shirts,2,40.9,81.8,7-Feb-25,11-Feb-25,M,App,4,California,Los Angeles County,4,6,Male
TX500952,Sundresses,3,49.1,147.3,7-Feb-25,11-Feb-25,F,Instagram,3,California,Los Angeles County,4,6,Female
TX500953,Leggings,1,85.3,85.3,7-Feb-25,11-Feb-25,M,Website,3,California,Los Angeles County,4,6,Male
TX500954,Jeans,4,43.1,172.4,8-Feb-25,11-Feb-25,M,App,4,California,Los Angeles County,3,6,Male
TX500955,Graphic Tees,4,46.2,184.8,8-Feb-25,9-Feb-25,M,Target.com,4,California,Los Angeles County,1,6,Male
TX500956,Tank Tops,1,74.4,74.4,8-Feb-25,10-Feb-25,M,Partner App,5,California,Los Angeles County,2,6,Male
TX500957,Pajama Sets,2,51.2,102.4,8-Feb-25,9-Feb-25,M,Website,4,California,Los Angeles County,1,6,Male
TX500958,Baseball Caps,4,11.8,47.2,8-Feb-25,8-Feb-25,M,Target.com,4,California,Los Angeles County,0,6,Male
TX500959,Bikinis,27,40.8,1101.6,8-Feb-25,9-Feb-25,F,Instagram,5,California,Los Angeles County,1,6,Female
TX500960,T-Shirts,1,24.7,24.7,8-Feb-25,10-Feb-25,F,Target.com,3,California,Los Angeles County,2,6,Female
TX500961,T-Shirts,7,22.1,154.7,8-Feb-25,8-Feb-25,F,Target.com,2,California,Los Angeles County,0,6,Female
TX500962,T-Shirts,1,18.1,18.1,8-Feb-25,12-Feb-25,M,Instagram,5,California,Los Angeles County,4,6,Male
TX500963,Pajama Sets,2,58.8,117.6,8-Feb-25,11-Feb-25,F,App,4,California,Orange County,3,6,Female
TX500964,Leggings,2,30.8,61.6,8-Feb-25,9-Feb-25,F,App,4,California,Sacramento County,1,6,Female
TX500965,Shorts,2,12,24,8-Feb-25,12-Feb-25,F,App,4,California,Sacramento County,4,6,Female
TX500966,Shorts,4,13.6,54.4,8-Feb-25,11-Feb-25,M,Target.com,4,California,Sacramento County,3,6,Male
TX500967,Shorts,1,17.9,17.9,8-Feb-25,9-Feb-25,M,Instagram,4,California,Sacramento County,1,6,Male
TX500968,Sundresses,2,38.6,77.2,8-Feb-25,12-Feb-25,F,Partner App,4,California,San Bernardino County,4,6,Female
TX500969,Sandals,5,32.7,163.5,8-Feb-25,9-Feb-25,M,Target.com,5,California,San Diego County,1,6,Male
TX500970,Workout Tops,2,111.4,222.8,8-Feb-25,9-Feb-25,F,Website,4,California,San Diego County,1,6,Female
TX500971,Sneakers,6,80.3,481.8,8-Feb-25,10-Feb-25,F,Website,4,California,San Diego County,2,6,Female
TX500972,Jeans,2,58.9,117.8,8-Feb-25,9-Feb-25,M,Website,4,California,San Diego County,1,6,Male
TX500973,Jeans,3,51.9,155.7,8-Feb-25,10-Feb-25,F,Website,2,California,San Diego County,2,6,Female
TX500974,Sneakers,3,50.3,150.9,8-Feb-25,9-Feb-25,M,Target.com,4,California,San Francisco,1,6,Male
TX500975,Maxi Dresses,6,45,270,8-Feb-25,14-Feb-25,F,Instagram,4,California,San Mateo County,6,6,Female
TX500976,Bikinis,6,44.7,268.2,8-Feb-25,10-Feb-25,F,Target.com,4,California,Santa Clara County,2,6,Female
TX500977,Leggings,15,33,495,8-Feb-25,9-Feb-25,F,Target.com,4,California,Santa Clara County,1,6,Female
TX500978,Tank Tops,5,44.9,224.5,8-Feb-25,11-Feb-25,F,Target.com,5,California,Sonoma County,3,6,Female
TX500979,Bikinis,2,34.6,69.2,8-Feb-25,12-Feb-25,F,App,3,California,Stanislaus County,4,6,Female
TX500980,Hoodies & Sweatshirts,7,47.1,329.7,8-Feb-25,13-Feb-25,F,App,4,California,Ventura County,5,6,Female
TX500981,Graphic Tees,5,26.1,130.5,8-Feb-25,13-Feb-25,M,App,5,California,Alameda County,5,6,Male
TX500982,Casual Dresses,5,66.8,334,8-Feb-25,11-Feb-25,F,App,4,California,Alameda County,3,6,Female
TX500983,Sneakers,2,167.9,335.8,8-Feb-25,9-Feb-25,F,Instagram,5,California,Alameda County,1,6,Female
TX500984,Bikinis,9,34.6,311.4,8-Feb-25,9-Feb-25,F,Target.com,3,California,Alameda County,1,6,Female
TX500985,T-Shirts,3,35.1,105.3,9-Feb-25,13-Feb-25,M,Partner App,5,California,Contra Costa County,4,7,Male
TX500986,Jeans,4,104.5,418,9-Feb-25,10-Feb-25,M,Website,3,California,Contra Costa County,1,7,Male
TX500987,T-Shirts,1,37.9,37.9,9-Feb-25,11-Feb-25,,Website,5,California,Fresno County,2,7,Unknown
TX500988,Graphic Tees,3,25.5,76.5,9-Feb-25,12-Feb-25,M,Instagram,4,California,Fresno County,3,7,Male
TX500989,Shorts,3,32,96,9-Feb-25,13-Feb-25,F,Website,4,California,Kern County,4,7,Female
TX500990,Tank Tops,1,47.1,47.1,9-Feb-25,10-Feb-25,F,App,4,California,Kings County,1,7,Female
TX500991,Jeans,2,50.6,101.2,9-Feb-25,15-Feb-25,,App,4,California,Los Angeles County,6,7,Unknown
TX500992,Jeans,5,81.7,408.5,9-Feb-25,10-Feb-25,F,Website,5,California,Los Angeles County,1,7,Female
TX500993,Sandals,2,50.7,101.4,9-Feb-25,10-Feb-25,O,Target.com,5,California,Los Angeles County,1,7,Other
TX500994,Sneakers,19,67.3,1278.7,9-Feb-25,13-Feb-25,F,Target.com,4,California,Los Angeles County,4,7,Female
TX500995,Sneakers,4,64.8,259.2,9-Feb-25,12-Feb-25,F,Instagram,4,California,Los Angeles County,3,7,Female
TX500996,Sandals,22,61.3,1348.6,9-Feb-25,10-Feb-25,F,App,5,California,Los Angeles County,1,7,Female
TX500997,Baseball Caps,1,32.9,32.9,9-Feb-25,12-Feb-25,F,Partner App,4,California,Los Angeles County,3,7,Female
TX500998,Jeans,2,100.8,201.6,9-Feb-25,12-Feb-25,F,App,4,California,Los Angeles County,3,7,Female
TX500999,T-Shirts,4,25.1,100.4,9-Feb-25,11-Feb-25,F,Website,4,California,Los Angeles County,2,7,Female
TX501000,Pajama Sets,1,48.5,48.5,9-Feb-25,10-Feb-25,F,App,3,California,Los Angeles County,1,7,Female
TX501001,Hoodies & Sweatshirts,2,33.6,67.2,9-Feb-25,13-Feb-25,F,Target.com,5,California,Los Angeles County,4,7,Female
TX501002,T-Shirts,1,39.3,39.3,9-Feb-25,20-Feb-25,F,Website,3,California,Monterey County,11,7,Female
TX501003,Graphic Tees,10,48.8,488,9-Feb-25,11-Feb-25,F,Instagram,3,California,Orange County,2,7,Female
TX501004,Jeans,8,72.8,582.4,9-Feb-25,11-Feb-25,M,Website,5,California,Placer County,2,7,Male
TX501005,Bikinis,8,46.2,369.6,9-Feb-25,10-Feb-25,M,Instagram,2,California,Placer County,1,7,Male
TX501006,Graphic Tees,2,20.7,41.4,9-Feb-25,10-Feb-25,F,Target.com,1,California,Sacramento County,1,7,Female
TX501007,Shorts,1,35.7,35.7,9-Feb-25,11-Feb-25,F,Instagram,4,California,Sacramento County,2,7,Female
TX501008,Sneakers,16,166.2,2659.2,9-Feb-25,11-Feb-25,,Target.com,4,California,San Bernardino County,2,7,Unknown
TX501009,Jeans,4,85.8,343.2,9-Feb-25,10-Feb-25,F,Website,3,California,San Bernardino County,1,7,Female
TX501010,T-Shirts,3,26,78,9-Feb-25,11-Feb-25,O,Website,4,California,San Bernardino County,2,7,Other
TX501011,Sneakers,13,116.6,1515.8,9-Feb-25,12-Feb-25,F,App,4,California,San Diego County,3,7,Female
TX501012,Sundresses,7,53.9,377.3,9-Feb-25,12-Feb-25,O,App,5,California,San Diego County,3,7,Other
TX501013,Casual Dresses,5,72.3,361.5,9-Feb-25,11-Feb-25,,Target.com,5,California,San Diego County,2,7,Unknown
TX501014,Sandals,2,31.4,62.8,9-Feb-25,11-Feb-25,F,App,4,California,San Diego County,2,7,Female
TX501015,Tote Bags,2,53.1,106.2,9-Feb-25,12-Feb-25,M,Website,4,California,San Diego County,3,7,Male
TX501016,Sneakers,4,56.2,224.8,9-Feb-25,10-Feb-25,F,App,4,California,San Diego County,1,7,Female
TX501017,Tank Tops,10,77.3,773,9-Feb-25,10-Feb-25,F,Target.com,4,California,Santa Clara County,1,7,Female
TX501018,Jeans,13,57.8,751.4,9-Feb-25,10-Feb-25,,App,4,California,Shasta County,1,7,Unknown
TX501019,Casual Dresses,15,42.1,631.5,9-Feb-25,11-Feb-25,F,Website,3,California,Shasta County,2,7,Female
TX501020,T-Shirts,9,22.8,205.2,9-Feb-25,13-Feb-25,M,Target.com,5,California,Stanislaus County,4,7,Male
TX501021,Sneakers,3,171.1,513.3,10-Feb-25,17-Feb-25,F,Target.com,3,California,Stanislaus County,7,7,Female
TX501022,T-Shirts,1,28,28,10-Feb-25,12-Feb-25,M,Target.com,5,California,Alameda County,2,7,Male
TX501023,Jeans,7,50.2,351.4,10-Feb-25,12-Feb-25,M,Target.com,4,California,Alameda County,2,7,Male
TX501024,Jeans,2,56,112,10-Feb-25,10-Feb-25,M,App,5,California,Kern County,0,7,Male
TX501025,Tank Tops,2,38.3,76.6,10-Feb-25,11-Feb-25,F,Website,4,California,Los Angeles County,1,7,Female
TX501026,Shorts,5,22.3,111.5,10-Feb-25,14-Feb-25,F,Target.com,3,California,Los Angeles County,4,7,Female
TX501027,Shorts,3,22.3,66.9,10-Feb-25,13-Feb-25,F,Target.com,4,California,Los Angeles County,3,7,Female
TX501028,Tank Tops,1,32.9,32.9,10-Feb-25,15-Feb-25,F,App,4,California,Los Angeles County,5,7,Female
TX501029,Bikinis,3,31.9,95.7,10-Feb-25,15-Feb-25,F,App,4,California,Los Angeles County,5,7,Female
TX501030,Jeans,2,94,188,10-Feb-25,11-Feb-25,M,Target.com,5,California,Los Angeles County,1,7,Male
TX501031,Bikinis,2,30.7,61.4,10-Feb-25,11-Feb-25,F,App,3,California,Los Angeles County,1,7,Female
TX501032,Sandals,5,90.5,452.5,10-Feb-25,17-Feb-25,M,App,5,California,Los Angeles County,7,7,Male
TX501033,T-Shirts,5,25.3,126.5,10-Feb-25,14-Feb-25,F,App,5,California,Los Angeles County,4,7,Female
TX501034,Jeans,3,58.1,174.3,10-Feb-25,14-Feb-25,,App,5,California,Los Angeles County,4,7,Unknown
TX501035,Sneakers,3,74.9,224.7,10-Feb-25,11-Feb-25,F,Partner App,4,California,Los Angeles County,1,7,Female
TX501036,Graphic Tees,2,32.5,65,10-Feb-25,11-Feb-25,M,Target.com,5,California,Marin County,1,7,Male
TX501037,Graphic Tees,5,62,310,10-Feb-25,11-Feb-25,M,Partner App,5,California,Orange County,1,7,Male
TX501038,Tote Bags,6,28.9,173.4,10-Feb-25,13-Feb-25,F,App,3,California,Sacramento County,3,7,Female
TX501039,Jeans,8,42.8,342.4,10-Feb-25,12-Feb-25,F,App,5,California,Sacramento County,2,7,Female
TX501040,T-Shirts,8,39.4,315.2,10-Feb-25,12-Feb-25,M,App,4,California,San Benito County,2,7,Male
TX501041,Leggings,3,66.4,199.2,10-Feb-25,11-Feb-25,,Target.com,3,California,San Bernardino County,1,7,Unknown
TX501042,Pajama Sets,4,35.9,143.6,10-Feb-25,17-Feb-25,F,Website,4,California,San Bernardino County,7,7,Female
TX501043,Shorts,4,26.9,107.6,10-Feb-25,11-Feb-25,M,Website,4,California,San Bernardino County,1,7,Male
TX501044,Sneakers,1,55.1,55.1,10-Feb-25,11-Feb-25,F,App,4,California,San Bernardino County,1,7,Female
TX501045,Graphic Tees,2,23.9,47.8,10-Feb-25,11-Feb-25,M,App,5,California,San Diego County,1,7,Male
TX501046,Sundresses,13,21.1,274.3,10-Feb-25,18-Feb-25,F,App,3,California,San Diego County,8,7,Female
TX501047,T-Shirts,5,33.8,169,10-Feb-25,12-Feb-25,F,App,4,California,San Diego County,2,7,Female
TX501048,Sneakers,4,56.1,224.4,10-Feb-25,10-Feb-25,F,Instagram,5,California,San Mateo County,0,7,Female
TX501049,Workout Tops,1,58.5,58.5,11-Feb-25,15-Feb-25,F,Website,5,California,San Mateo County,4,7,Female
TX501050,Jeans,1,84.2,84.2,11-Feb-25,13-Feb-25,M,Instagram,4,California,Santa Clara County,2,7,Male
TX501051,Maxi Dresses,4,52,208,11-Feb-25,14-Feb-25,M,App,4,California,Santa Clara County,3,7,Male
TX501052,Graphic Tees,5,31.5,157.5,11-Feb-25,12-Feb-25,F,App,5,California,Santa Clara County,1,7,Female
TX501053,Sunglasses,3,46.2,138.6,11-Feb-25,12-Feb-25,M,App,4,California,Shasta County,1,7,Male
TX501054,Sneakers,6,135,810,11-Feb-25,12-Feb-25,F,Website,5,California,Sonoma County,1,7,Female
TX501055,Casual Dresses,3,92.2,276.6,11-Feb-25,15-Feb-25,M,App,4,California,Alameda County,4,7,Male
TX501056,T-Shirts,1,36.6,36.6,11-Feb-25,13-Feb-25,M,Target.com,5,California,Alameda County,2,7,Male
TX501057,Sundresses,2,50.6,101.2,11-Feb-25,14-Feb-25,F,App,4,California,Fresno County,3,7,Female
TX501058,Leggings,7,56.7,396.9,11-Feb-25,14-Feb-25,F,App,4,California,Fresno County,3,7,Female
TX501059,Sundresses,13,22.9,297.7,11-Feb-25,12-Feb-25,F,App,3,California,Humboldt County,1,7,Female
TX501060,Crop Tops,19,53.6,1018.4,11-Feb-25,12-Feb-25,M,App,4,California,Kern County,1,7,Male
TX501061,Leggings,2,30.2,60.4,11-Feb-25,13-Feb-25,,Target.com,5,California,Los Angeles County,2,7,Unknown
TX501062,Crop Tops,6,83.4,500.4,11-Feb-25,12-Feb-25,M,Website,5,California,Los Angeles County,1,7,Male
TX501063,Tote Bags,12,16.6,199.2,11-Feb-25,13-Feb-25,M,Website,4,California,Los Angeles County,2,7,Male
TX501064,T-Shirts,17,21.9,372.3,11-Feb-25,13-Feb-25,F,Partner App,3,California,Los Angeles County,2,7,Female
TX501065,T-Shirts,28,33.8,946.4,11-Feb-25,13-Feb-25,M,Target.com,2,California,Los Angeles County,2,7,Male
TX501066,Leggings,2,53.2,106.4,11-Feb-25,11-Feb-25,M,Website,4,California,Los Angeles County,0,7,Male
TX501067,Sneakers,2,176.7,353.4,11-Feb-25,14-Feb-25,F,Target.com,4,California,Los Angeles County,3,7,Female
TX501068,Casual Dresses,3,54,162,11-Feb-25,14-Feb-25,M,App,3,California,Los Angeles County,3,7,Male
TX501069,Sundresses,2,70.1,140.2,11-Feb-25,19-Feb-25,F,Instagram,5,California,Los Angeles County,8,7,Female
TX501070,T-Shirts,1,26.5,26.5,11-Feb-25,13-Feb-25,F,Website,4,California,Los Angeles County,2,7,Female
TX501071,Hoodies & Sweatshirts,5,89,445,11-Feb-25,13-Feb-25,M,Target.com,2,California,Los Angeles County,2,7,Male
TX501072,Tank Tops,6,47,282,11-Feb-25,14-Feb-25,F,Instagram,4,California,Merced County,3,7,Female
TX501073,Workout Tops,2,55.2,110.4,11-Feb-25,14-Feb-25,M,Website,3,California,Sacramento County,3,7,Male
TX501074,T-Shirts,42,33.3,1398.6,11-Feb-25,25-Feb-25,M,Website,5,California,Sacramento County,14,7,Male
TX501075,Sneakers,4,110.9,443.6,12-Feb-25,12-Feb-25,M,Target.com,2,California,Sacramento County,0,7,Male
TX501076,Sneakers,6,67.3,403.8,12-Feb-25,13-Feb-25,M,App,4,California,San Diego County,1,7,Male
TX501077,Jeans,3,69.7,209.1,12-Feb-25,13-Feb-25,M,Target.com,3,California,San Diego County,1,7,Male
TX501078,Sandals,1,39.1,39.1,12-Feb-25,17-Feb-25,M,App,3,California,San Francisco,5,7,Male
TX501079,Sneakers,3,208.6,625.8,12-Feb-25,12-Feb-25,M,Partner App,5,California,San Francisco,0,7,Male
TX501080,Crop Tops,3,27.8,83.4,12-Feb-25,13-Feb-25,M,Instagram,3,California,Santa Clara County,1,7,Male
TX501081,Bikinis,5,29.4,147,12-Feb-25,14-Feb-25,F,App,4,California,Santa Clara County,2,7,Female
TX501082,Sundresses,2,29.2,58.4,12-Feb-25,14-Feb-25,F,Website,5,California,Tulare County,2,7,Female
TX501083,Bikinis,5,26.5,132.5,12-Feb-25,14-Feb-25,F,App,4,California,Tuolumne County,2,7,Female
TX501084,Sandals,1,30.3,30.3,12-Feb-25,13-Feb-25,F,Partner App,3,California,Ventura County,1,7,Female
TX501085,Sunglasses,12,39.7,476.4,12-Feb-25,13-Feb-25,F,App,4,California,Alameda County,1,7,Female
TX501086,Hoodies & Sweatshirts,10,58.9,589,12-Feb-25,14-Feb-25,F,Website,2,California,Alameda County,2,7,Female
TX501087,Sneakers,2,174.1,348.2,12-Feb-25,14-Feb-25,F,App,3,California,Amador County,2,7,Female
TX501088,Jeans,2,70.8,141.6,12-Feb-25,15-Feb-25,M,Target.com,4,California,Kern County,3,7,Male
TX501089,Hoodies & Sweatshirts,2,57.4,114.8,12-Feb-25,14-Feb-25,F,Website,3,California,Kings County,2,7,Female
TX501090,Shorts,2,28.5,57,12-Feb-25,14-Feb-25,M,Instagram,3,California,Los Angeles County,2,7,Male
TX501091,Sneakers,20,106.6,2132,12-Feb-25,13-Feb-25,,Website,2,California,Los Angeles County,1,7,Unknown
TX501092,Sneakers,3,119.7,359.1,12-Feb-25,13-Feb-25,F,Website,2,California,Los Angeles County,1,7,Female
TX501093,Leggings,1,73.3,73.3,12-Feb-25,17-Feb-25,F,App,5,California,Los Angeles County,5,7,Female
TX501094,Shorts,2,25.8,51.6,12-Feb-25,26-Feb-25,M,Target.com,4,California,Los Angeles County,14,7,Male
TX501095,Pajama Sets,3,49.1,147.3,12-Feb-25,14-Feb-25,F,App,4,California,Merced County,2,7,Female
TX501096,Tank Tops,1,44.9,44.9,12-Feb-25,15-Feb-25,F,Instagram,5,California,Sacramento County,3,7,Female
TX501097,Crop Tops,7,29.9,209.3,12-Feb-25,13-Feb-25,F,App,4,California,Sacramento County,1,7,Female
TX501098,Hoodies & Sweatshirts,2,54.3,108.6,13-Feb-25,14-Feb-25,M,Instagram,4,California,San Benito County,1,7,Male
TX501099,Sundresses,4,57,228,13-Feb-25,15-Feb-25,F,App,4,California,San Diego County,2,7,Female
TX501100,Sneakers,1,139.2,139.2,13-Feb-25,14-Feb-25,F,Instagram,5,California,San Diego County,1,7,Female
TX501101,Bikinis,1,33,33,13-Feb-25,16-Feb-25,F,App,5,California,San Diego County,3,7,Female
TX501102,Maxi Dresses,6,80.2,481.2,13-Feb-25,15-Feb-25,M,Website,2,California,San Diego County,2,7,Male
TX501103,Leggings,8,49,392,13-Feb-25,14-Feb-25,,Target.com,3,California,San Mateo County,1,7,Unknown
TX501104,Tank Tops,4,104.4,417.6,13-Feb-25,13-Feb-25,F,App,4,California,San Mateo County,0,7,Female
TX501105,Workout Tops,1,41.6,41.6,13-Feb-25,16-Feb-25,M,Instagram,4,California,Santa Clara County,3,7,Male
TX501106,Jewelry,2,16.4,32.8,13-Feb-25,14-Feb-25,O,App,5,California,Santa Clara County,1,7,Other
TX501107,T-Shirts,2,22,44,13-Feb-25,14-Feb-25,M,Target.com,5,California,Shasta County,1,7,Male
TX501108,Crop Tops,2,33.6,67.2,13-Feb-25,18-Feb-25,F,App,4,California,Alameda County,5,7,Female
TX501109,Maxi Dresses,6,43,258,13-Feb-25,14-Feb-25,F,Target.com,4,California,Alameda County,1,7,Female
TX501110,Jeans,5,108.8,544,13-Feb-25,16-Feb-25,F,Partner App,5,California,Alameda County,3,7,Female
TX501111,Shorts,9,29.3,263.7,13-Feb-25,15-Feb-25,M,Partner App,5,California,Alameda County,2,7,Male
TX501112,Sneakers,1,122.7,122.7,13-Feb-25,16-Feb-25,O,App,5,California,Contra Costa County,3,7,Other
TX501113,Graphic Tees,7,22.9,160.3,13-Feb-25,14-Feb-25,F,App,4,California,El Dorado County,1,7,Female
TX501114,T-Shirts,10,25.5,255,13-Feb-25,20-Feb-25,F,App,4,California,Imperial County,7,7,Female
TX501115,Pajama Sets,3,23.4,70.2,13-Feb-25,17-Feb-25,F,App,5,California,Los Angeles County,4,7,Female
TX501116,Sandals,8,27.4,219.2,13-Feb-25,16-Feb-25,F,Target.com,4,California,Los Angeles County,3,7,Female
TX501117,Sandals,5,68.4,342,13-Feb-25,14-Feb-25,F,App,4,California,Los Angeles County,1,7,Female
TX501118,Jeans,1,51.9,51.9,13-Feb-25,13-Feb-25,F,App,4,California,Los Angeles County,0,7,Female
TX501119,Shorts,5,26.4,132,13-Feb-25,16-Feb-25,F,App,5,California,Los Angeles County,3,7,Female
TX501120,Casual Dresses,2,117,234,13-Feb-25,14-Feb-25,F,Website,3,California,Los Angeles County,1,7,Female
TX501121,Hoodies & Sweatshirts,3,49.6,148.8,14-Feb-25,16-Feb-25,F,App,4,California,Los Angeles County,2,7,Female
TX501122,Graphic Tees,3,38,114,14-Feb-25,17-Feb-25,M,Target.com,2,California,Los Angeles County,3,7,Male
TX501123,Shorts,3,20.6,61.8,14-Feb-25,16-Feb-25,F,Partner App,5,California,Los Angeles County,2,7,Female
TX501124,Shorts,2,16,32,14-Feb-25,15-Feb-25,M,Website,3,California,Monterey County,1,7,Male
TX501125,Crop Tops,4,49.3,197.2,14-Feb-25,15-Feb-25,F,Target.com,4,California,Riverside County,1,7,Female
TX501126,Sundresses,2,24.1,48.2,14-Feb-25,18-Feb-25,F,App,4,California,Sacramento County,4,7,Female
TX501127,Crop Tops,8,32.7,261.6,14-Feb-25,15-Feb-25,F,Website,4,California,Sacramento County,1,7,Female
TX501128,Jeans,3,74.4,223.2,14-Feb-25,15-Feb-25,F,Instagram,5,California,San Diego County,1,7,Female
TX501129,Casual Dresses,1,45.6,45.6,14-Feb-25,18-Feb-25,F,Partner App,4,California,San Diego County,4,7,Female
TX501130,T-Shirts,8,19.6,156.8,14-Feb-25,27-Feb-25,F,App,4,California,San Diego County,13,7,Female
TX501131,Sundresses,1,51.8,51.8,14-Feb-25,15-Feb-25,F,Website,4,California,San Diego County,1,7,Female
TX501132,Jeans,1,74.7,74.7,14-Feb-25,15-Feb-25,M,App,3,California,San Diego County,1,7,Male
TX501133,Jewelry,3,22.4,67.2,14-Feb-25,15-Feb-25,F,Website,5,California,San Mateo County,1,7,Female
TX501134,Tank Tops,4,31.4,125.6,14-Feb-25,15-Feb-25,F,Website,4,California,San Mateo County,1,7,Female
TX501135,Jeans,1,94,94,14-Feb-25,14-Feb-25,F,Website,5,California,Santa Barbara County,0,7,Female
TX501136,Bikinis,1,22.3,22.3,14-Feb-25,15-Feb-25,M,Partner App,4,California,Tulare County,1,7,Male
TX501137,Shorts,1,21.9,21.9,14-Feb-25,17-Feb-25,F,Target.com,4,California,Alameda County,3,7,Female
TX501138,Pajama Sets,3,27,81,14-Feb-25,16-Feb-25,F,Partner App,5,California,Fresno County,2,7,Female
TX501139,Sneakers,4,149.6,598.4,14-Feb-25,14-Feb-25,F,Partner App,4,California,Kern County,0,7,Female
TX501140,Sneakers,4,129.1,516.4,14-Feb-25,24-Feb-25,M,App,3,California,Los Angeles County,10,7,Male
TX501141,Tank Tops,12,40.4,484.8,14-Feb-25,15-Feb-25,M,Website,3,California,Los Angeles County,1,7,Male
TX501142,Graphic Tees,3,48.5,145.5,14-Feb-25,16-Feb-25,F,App,2,California,Los Angeles County,2,7,Female
TX501143,Sundresses,2,37.6,75.2,14-Feb-25,16-Feb-25,F,Website,5,California,Los Angeles County,2,7,Female
TX501144,T-Shirts,2,19.6,39.2,14-Feb-25,15-Feb-25,M,Instagram,2,California,Marin County,1,7,Male
TX501145,T-Shirts,5,18.5,92.5,14-Feb-25,15-Feb-25,F,Target.com,3,California,Sacramento County,1,7,Female
TX501146,Sandals,3,25.5,76.5,14-Feb-25,16-Feb-25,F,Partner App,3,California,Sacramento County,2,7,Female
TX501147,Sneakers,2,94.7,189.4,14-Feb-25,15-Feb-25,F,Target.com,4,California,San Benito County,1,7,Female
TX501148,Tank Tops,6,38.8,232.8,14-Feb-25,19-Feb-25,F,Target.com,5,California,San Diego County,5,7,Female
TX501149,Sundresses,2,49.4,98.8,15-Feb-25,23-Feb-25,M,Partner App,3,California,San Diego County,8,7,Male
TX501150,Hoodies & Sweatshirts,3,68,204,15-Feb-25,18-Feb-25,M,App,5,California,San Diego County,3,7,Male
TX501151,Crop Tops,7,63.7,445.9,15-Feb-25,16-Feb-25,F,Target.com,5,California,San Diego County,1,7,Female
TX501152,Bikinis,2,66.2,132.4,15-Feb-25,16-Feb-25,F,Partner App,5,California,San Francisco,1,7,Female
TX501153,Casual Dresses,3,32.3,96.9,15-Feb-25,16-Feb-25,O,Target.com,3,California,San Mateo County,1,7,Other
TX501154,Graphic Tees,2,66.9,133.8,15-Feb-25,18-Feb-25,M,Website,4,California,Santa Clara County,3,7,Male
TX501155,Graphic Tees,12,25.2,302.4,15-Feb-25,19-Feb-25,F,App,3,California,Santa Clara County,4,7,Female
TX501156,Bikinis,6,29.5,177,15-Feb-25,16-Feb-25,M,Target.com,4,California,Santa Clara County,1,7,Male
TX501157,T-Shirts,5,21.6,108,15-Feb-25,17-Feb-25,F,App,5,California,Santa Cruz County,2,7,Female
TX501158,Casual Dresses,3,69,207,15-Feb-25,16-Feb-25,F,App,4,California,Sonoma County,1,7,Female
TX501159,Hoodies & Sweatshirts,2,115,230,15-Feb-25,19-Feb-25,M,App,5,California,Sonoma County,4,7,Male
TX501160,Sneakers,2,109.3,218.6,15-Feb-25,17-Feb-25,,Instagram,3,California,Stanislaus County,2,7,Unknown
TX501161,Sundresses,2,66.6,133.2,15-Feb-25,18-Feb-25,,Partner App,3,California,Stanislaus County,3,7,Unknown
TX501162,Casual Dresses,5,47.7,238.5,15-Feb-25,16-Feb-25,M,Instagram,5,California,Alameda County,1,7,Male
TX501163,T-Shirts,2,46,92,15-Feb-25,16-Feb-25,F,Partner App,2,California,Kern County,1,7,Female
TX501164,Tank Tops,6,39.3,235.8,15-Feb-25,17-Feb-25,M,Instagram,5,California,Los Angeles County,2,7,Male
TX501165,Sundresses,1,70.2,70.2,15-Feb-25,16-Feb-25,F,App,2,California,Los Angeles County,1,7,Female
TX501166,Workout Tops,4,71.5,286,15-Feb-25,15-Feb-25,F,Website,5,California,Los Angeles County,0,7,Female
TX501167,Bikinis,7,31,217,15-Feb-25,22-Feb-25,F,Instagram,5,California,Los Angeles County,7,7,Female
TX501168,Sneakers,5,68.2,341,15-Feb-25,20-Feb-25,F,App,5,California,Los Angeles County,5,7,Female
TX501169,Sneakers,1,91.4,91.4,15-Feb-25,19-Feb-25,F,Website,5,California,Sacramento County,4,7,Female
TX501170,Jeans,10,112.9,1129,15-Feb-25,16-Feb-25,F,App,4,California,Sacramento County,1,7,Female
TX501171,Pajama Sets,9,33.7,303.3,15-Feb-25,16-Feb-25,F,Website,5,California,San Diego County,1,7,Female
TX501172,Crop Tops,10,35.3,353,15-Feb-25,17-Feb-25,M,Target.com,4,California,San Diego County,2,7,Male
TX501173,Leggings,3,45.6,136.8,15-Feb-25,19-Feb-25,M,Instagram,4,California,San Diego County,4,7,Male
TX501174,Hoodies & Sweatshirts,7,47.1,329.7,15-Feb-25,16-Feb-25,F,Partner App,5,California,San Mateo County,1,7,Female
TX501175,T-Shirts,5,16.2,81,15-Feb-25,17-Feb-25,F,Instagram,5,California,Stanislaus County,2,7,Female
TX501176,Tank Tops,2,159.7,319.4,16-Feb-25,17-Feb-25,M,Partner App,4,California,Ventura County,1,8,Male
TX501177,T-Shirts,4,19,76,16-Feb-25,23-Feb-25,F,Target.com,5,California,Alameda County,7,8,Female
TX501178,Jeans,6,91.1,546.6,16-Feb-25,25-Feb-25,F,Partner App,4,California,Alameda County,9,8,Female
TX501179,Sneakers,5,94.1,470.5,16-Feb-25,19-Feb-25,,Website,3,California,Alameda County,3,8,Unknown
TX501180,Sundresses,9,21.1,189.9,16-Feb-25,17-Feb-25,F,Partner App,5,California,Butte County,1,8,Female
TX501181,T-Shirts,7,15.3,107.1,16-Feb-25,24-Feb-25,F,Target.com,4,California,Contra Costa County,8,8,Female
TX501182,Crop Tops,4,21.3,85.2,16-Feb-25,19-Feb-25,M,Website,4,California,Los Angeles County,3,8,Male
TX501183,Shorts,2,23.2,46.4,16-Feb-25,16-Feb-25,,Instagram,3,California,Los Angeles County,0,8,Unknown
TX501184,Graphic Tees,3,25.7,77.1,16-Feb-25,17-Feb-25,M,Partner App,4,California,Los Angeles County,1,8,Male
TX501185,Shorts,9,31.6,284.4,16-Feb-25,18-Feb-25,F,App,4,California,Los Angeles County,2,8,Female
TX501186,Jeans,1,64.2,64.2,16-Feb-25,21-Feb-25,M,App,4,California,Los Angeles County,5,8,Male
TX501187,T-Shirts,2,55.8,111.6,16-Feb-25,18-Feb-25,,App,4,California,Los Angeles County,2,8,Unknown
TX501188,T-Shirts,2,28.1,56.2,16-Feb-25,17-Feb-25,F,Partner App,3,California,Los Angeles County,1,8,Female
TX501189,Shorts,2,11.6,23.2,16-Feb-25,18-Feb-25,F,Website,4,California,Merced County,2,8,Female
TX501190,Sandals,3,50.4,151.2,16-Feb-25,17-Feb-25,M,Partner App,5,California,Orange County,1,8,Male
TX501191,Jeans,6,48.3,289.8,16-Feb-25,20-Feb-25,F,App,4,California,Orange County,4,8,Female
TX501192,Pajama Sets,7,32.2,225.4,16-Feb-25,18-Feb-25,F,Target.com,4,California,Orange County,2,8,Female
TX501193,Hoodies & Sweatshirts,28,48.5,1358,16-Feb-25,17-Feb-25,M,App,4,California,Placer County,1,8,Male
TX501194,Sneakers,5,62,310,16-Feb-25,19-Feb-25,F,Website,4,California,Sacramento County,3,8,Female
TX501195,T-Shirts,3,32.1,96.3,17-Feb-25,19-Feb-25,M,App,4,California,Sacramento County,2,8,Male
TX501196,Casual Dresses,3,106.1,318.3,17-Feb-25,19-Feb-25,M,App,3,California,San Bernardino County,2,8,Male
TX501197,Bikinis,3,23.5,70.5,17-Feb-25,20-Feb-25,M,App,2,California,San Bernardino County,3,8,Male
TX501198,Tank Tops,2,35.6,71.2,17-Feb-25,22-Feb-25,M,Partner App,4,California,San Diego County,5,8,Male
TX501199,Tank Tops,2,63.5,127,17-Feb-25,17-Feb-25,F,Website,5,California,San Diego County,0,8,Female
TX501200,Jeans,7,82.9,580.3,17-Feb-25,22-Feb-25,F,Partner App,4,California,San Mateo County,5,8,Female
TX501201,Jeans,2,83.6,167.2,17-Feb-25,22-Feb-25,F,App,4,California,Santa Clara County,5,8,Female
TX501202,Graphic Tees,2,29.4,58.8,17-Feb-25,17-Feb-25,F,App,3,California,Siskiyou County,0,8,Female
TX501203,Sneakers,3,107.1,321.3,17-Feb-25,21-Feb-25,F,Target.com,4,California,Tulare County,4,8,Female
TX501204,Sneakers,1,62.7,62.7,17-Feb-25,21-Feb-25,M,Website,4,California,Alameda County,4,8,Male
TX501205,Maxi Dresses,1,41.6,41.6,17-Feb-25,18-Feb-25,M,App,3,California,Contra Costa County,1,8,Male
TX501206,Jeans,1,44.2,44.2,17-Feb-25,18-Feb-25,O,App,3,California,Contra Costa County,1,8,Other
TX501207,Graphic Tees,6,40.4,242.4,17-Feb-25,2-Mar-25,F,Target.com,4,California,Kern County,13,8,Female
TX501208,Crop Tops,6,59.6,357.6,17-Feb-25,18-Feb-25,F,Partner App,4,California,Kings County,1,8,Female
TX501209,Pajama Sets,12,63.8,765.6,17-Feb-25,18-Feb-25,M,Website,4,California,Los Angeles County,1,8,Male
TX501210,Sundresses,6,30.8,184.8,17-Feb-25,19-Feb-25,M,Partner App,4,California,Los Angeles County,2,8,Male
TX501211,Tank Tops,2,41.5,83,17-Feb-25,20-Feb-25,O,App,4,California,Los Angeles County,3,8,Other
TX501212,Bikinis,4,44.7,178.8,17-Feb-25,19-Feb-25,F,Target.com,3,California,Los Angeles County,2,8,Female
TX501213,Casual Dresses,2,64.1,128.2,17-Feb-25,21-Feb-25,F,Website,2,California,Los Angeles County,4,8,Female
TX501214,T-Shirts,1,15.9,15.9,17-Feb-25,20-Feb-25,,Website,4,California,Los Angeles County,3,8,Unknown
TX501215,Jeans,2,78.7,157.4,17-Feb-25,17-Feb-25,F,Target.com,3,California,Los Angeles County,0,8,Female
TX501216,Sandals,12,29.6,355.2,17-Feb-25,21-Feb-25,M,Target.com,2,California,Los Angeles County,4,8,Male
TX501217,T-Shirts,4,21.5,86,17-Feb-25,20-Feb-25,M,Website,4,California,Los Angeles County,3,8,Male
TX501218,Sundresses,3,74.9,224.7,17-Feb-25,26-Feb-25,M,Instagram,3,California,Los Angeles County,9,8,Male
TX501219,Bikinis,6,45,270,17-Feb-25,22-Feb-25,F,Target.com,4,California,Los Angeles County,5,8,Female
TX501220,Hoodies & Sweatshirts,34,37.9,1288.6,17-Feb-25,18-Feb-25,M,App,4,California,Los Angeles County,1,8,Male
TX501221,Jeans,3,56.6,169.8,17-Feb-25,18-Feb-25,M,Instagram,4,California,Los Angeles County,1,8,Male
TX501222,Workout Tops,13,84.5,1098.5,17-Feb-25,20-Feb-25,F,Website,2,California,Los Angeles County,3,8,Female
TX501223,Sneakers,5,105.4,527,17-Feb-25,19-Feb-25,F,Website,3,California,Los Angeles County,2,8,Female
TX501224,Leggings,7,39.4,275.8,18-Feb-25,18-Feb-25,M,Website,4,California,Madera County,0,8,Male
TX501225,Jewelry,3,38,114,18-Feb-25,21-Feb-25,M,Partner App,3,California,Sacramento County,3,8,Male
TX501226,Pajama Sets,4,42.5,170,18-Feb-25,20-Feb-25,,App,4,California,Sacramento County,2,8,Unknown
TX501227,Crop Tops,1,62.3,62.3,18-Feb-25,27-Feb-25,M,App,5,California,Sacramento County,9,8,Male
TX501228,Jeans,5,49.1,245.5,18-Feb-25,20-Feb-25,F,Website,5,California,San Bernardino County,2,8,Female
TX501229,Workout Tops,2,30.5,61,18-Feb-25,21-Feb-25,M,App,5,California,San Diego County,3,8,Male
TX501230,Sneakers,2,154.8,309.6,18-Feb-25,21-Feb-25,F,Website,2,California,San Diego County,3,8,Female
TX501231,Jeans,1,45,45,18-Feb-25,22-Feb-25,M,Instagram,3,California,San Diego County,4,8,Male
TX501232,Shorts,7,15.3,107.1,18-Feb-25,19-Feb-25,M,App,5,California,San Diego County,1,8,Male
TX501233,Sneakers,11,88.6,974.6,18-Feb-25,21-Feb-25,F,App,2,California,San Francisco,3,8,Female
TX501234,Sundresses,2,49.7,99.4,18-Feb-25,20-Feb-25,O,Partner App,4,California,Santa Barbara County,2,8,Other
TX501235,Bikinis,1,29,29,18-Feb-25,19-Feb-25,M,App,4,California,Santa Clara County,1,8,Male
TX501236,Tank Tops,1,60.7,60.7,18-Feb-25,19-Feb-25,O,App,3,California,Santa Clara County,1,8,Other
TX501237,Pajama Sets,4,87.4,349.6,18-Feb-25,20-Feb-25,,App,4,California,Santa Clara County,2,8,Unknown
TX501238,Graphic Tees,7,44.5,311.5,18-Feb-25,22-Feb-25,F,Target.com,5,California,Stanislaus County,4,8,Female
TX501239,Sneakers,1,141,141,18-Feb-25,19-Feb-25,M,Partner App,5,California,Stanislaus County,1,8,Male
TX501240,Shorts,3,16.7,50.1,18-Feb-25,26-Feb-25,F,App,4,California,Tulare County,8,8,Female
TX501241,Tank Tops,2,77.5,155,18-Feb-25,19-Feb-25,,Target.com,5,California,Ventura County,1,8,Unknown
TX501242,Sneakers,2,163,326,18-Feb-25,24-Feb-25,F,Partner App,4,California,Alameda County,6,8,Female
TX501243,Graphic Tees,9,21.4,192.6,18-Feb-25,21-Feb-25,F,App,4,California,Butte County,3,8,Female
TX501244,Bikinis,11,31,341,18-Feb-25,20-Feb-25,F,Instagram,5,California,Contra Costa County,2,8,Female
TX501245,Hoodies & Sweatshirts,2,34.3,68.6,18-Feb-25,20-Feb-25,F,App,1,California,Contra Costa County,2,8,Female
TX501246,Pajama Sets,5,48.2,241,18-Feb-25,19-Feb-25,M,Website,3,California,Fresno County,1,8,Male
TX501247,Bikinis,1,51.4,51.4,18-Feb-25,19-Feb-25,M,App,4,California,Los Angeles County,1,8,Male
TX501248,Sneakers,5,117.2,586,18-Feb-25,21-Feb-25,F,Partner App,2,California,Los Angeles County,3,8,Female
TX501249,T-Shirts,1,38.1,38.1,18-Feb-25,18-Feb-25,M,Partner App,3,California,Los Angeles County,0,8,Male
TX501250,Shorts,2,44.1,88.2,18-Feb-25,20-Feb-25,F,Target.com,4,California,Los Angeles County,2,8,Female
TX501251,Crop Tops,4,80.5,322,18-Feb-25,23-Feb-25,M,App,4,California,Los Angeles County,5,8,Male
TX501252,Leggings,4,33.6,134.4,18-Feb-25,23-Feb-25,,App,5,California,Los Angeles County,5,8,Unknown
TX501253,Sundresses,9,41.8,376.2,18-Feb-25,19-Feb-25,F,App,3,California,Los Angeles County,1,8,Female
TX501254,Tank Tops,2,106.2,212.4,18-Feb-25,18-Feb-25,F,Partner App,5,California,Los Angeles County,0,8,Female
TX501255,Tank Tops,2,52.6,105.2,18-Feb-25,19-Feb-25,F,App,5,California,Placer County,1,8,Female
TX501256,Maxi Dresses,7,68.5,479.5,18-Feb-25,19-Feb-25,F,Website,4,California,Placer County,1,8,Female
TX501257,Tank Tops,2,55.6,111.2,18-Feb-25,20-Feb-25,M,Website,5,California,Sacramento County,2,8,Male
TX501258,Sneakers,3,134.9,404.7,18-Feb-25,19-Feb-25,M,Website,3,California,Sacramento County,1,8,Male
TX501259,Bikinis,5,42.6,213,18-Feb-25,19-Feb-25,M,App,4,California,Sacramento County,1,8,Male
TX501260,Hoodies & Sweatshirts,5,60.6,303,18-Feb-25,20-Feb-25,M,Partner App,4,California,Sacramento County,2,8,Male
TX501261,T-Shirts,2,43.5,87,18-Feb-25,19-Feb-25,M,Partner App,4,California,San Bernardino County,1,8,Male
TX501262,Sneakers,2,187.1,374.2,18-Feb-25,19-Feb-25,M,Website,5,California,San Diego County,1,8,Male
TX501263,Sundresses,3,32,96,18-Feb-25,20-Feb-25,M,App,4,California,San Diego County,2,8,Male
TX501264,Sundresses,2,110.8,221.6,18-Feb-25,18-Feb-25,M,App,5,California,San Diego County,0,8,Male
TX501265,Bikinis,13,36.1,469.3,18-Feb-25,21-Feb-25,F,App,3,California,San Diego County,3,8,Female
TX501266,Shorts,1,24.1,24.1,18-Feb-25,20-Feb-25,F,Partner App,5,California,San Diego County,2,8,Female
TX501267,Jewelry,3,30.5,91.5,18-Feb-25,20-Feb-25,M,Website,4,California,San Diego County,2,8,Male
TX501268,Leggings,6,68.3,409.8,18-Feb-25,21-Feb-25,M,App,4,California,San Diego County,3,8,Male
TX501269,Hoodies & Sweatshirts,3,43.3,129.9,18-Feb-25,22-Feb-25,F,App,4,California,San Francisco,4,8,Female
TX501270,Workout Tops,1,101.7,101.7,18-Feb-25,21-Feb-25,F,App,3,California,San Francisco,3,8,Female
TX501271,Maxi Dresses,2,54.2,108.4,18-Feb-25,19-Feb-25,F,App,3,California,San Francisco,1,8,Female
TX501272,Sunglasses,2,51,102,18-Feb-25,18-Feb-25,M,Website,4,California,San Joaquin County,0,8,Male
TX501273,Graphic Tees,2,23.1,46.2,18-Feb-25,21-Feb-25,M,Website,4,California,Santa Barbara County,3,8,Male
TX501274,Casual Dresses,6,60.1,360.6,18-Feb-25,18-Feb-25,F,Instagram,4,California,Santa Clara County,0,8,Female
TX501275,Sneakers,7,87.5,612.5,18-Feb-25,20-Feb-25,F,App,3,California,Santa Clara County,2,8,Female
TX501276,Tank Tops,3,51,153,18-Feb-25,19-Feb-25,F,Website,4,California,Santa Clara County,1,8,Female
TX501277,T-Shirts,4,19.2,76.8,18-Feb-25,20-Feb-25,F,App,4,California,Santa Clara County,2,8,Female
TX501278,Sandals,8,26.5,212,18-Feb-25,19-Feb-25,,Instagram,5,California,Santa Clara County,1,8,Unknown
TX501279,Sneakers,2,220.3,440.6,18-Feb-25,19-Feb-25,F,Website,2,California,Shasta County,1,8,Female
TX501280,T-Shirts,3,45.7,137.1,18-Feb-25,19-Feb-25,F,Partner App,4,California,Siskiyou County,1,8,Female
TX501281,Sandals,5,47.1,235.5,18-Feb-25,22-Feb-25,F,Instagram,4,California,Ventura County,4,8,Female
TX501282,Tank Tops,5,81.7,408.5,18-Feb-25,19-Feb-25,F,App,5,California,Alameda County,1,8,Female
TX501283,Jeans,10,97.8,978,18-Feb-25,18-Feb-25,M,Website,3,California,Alameda County,0,8,Male
TX501284,Jeans,3,42.4,127.2,18-Feb-25,19-Feb-25,F,App,5,California,Colusa County,1,8,Female
TX501285,Sneakers,10,74.5,745,18-Feb-25,19-Feb-25,M,Target.com,3,California,Contra Costa County,1,8,Male
TX501286,Pajama Sets,6,47.4,284.4,18-Feb-25,19-Feb-25,M,Website,4,California,Contra Costa County,1,8,Male
TX501287,Baseball Caps,3,17.3,51.9,19-Feb-25,22-Feb-25,M,Target.com,5,California,Contra Costa County,3,8,Male
TX501288,Casual Dresses,4,77.9,311.6,19-Feb-25,20-Feb-25,M,Website,4,California,Fresno County,1,8,Male
TX501289,T-Shirts,1,29.1,29.1,19-Feb-25,22-Feb-25,M,App,5,California,Lake County,3,8,Male
TX501290,T-Shirts,1,49,49,19-Feb-25,20-Feb-25,M,Website,4,California,Los Angeles County,1,8,Male
TX501291,T-Shirts,6,21.1,126.6,19-Feb-25,26-Feb-25,M,App,5,California,Los Angeles County,7,8,Male
TX501292,Graphic Tees,19,36.9,701.1,19-Feb-25,19-Feb-25,F,App,4,California,Los Angeles County,0,8,Female
TX501293,Tank Tops,10,92.6,926,19-Feb-25,24-Feb-25,M,Partner App,5,California,Los Angeles County,5,8,Male
TX501294,Bikinis,2,38,76,19-Feb-25,20-Feb-25,M,Website,3,California,Los Angeles County,1,8,Male
TX501295,Sandals,3,54.8,164.4,19-Feb-25,23-Feb-25,,App,3,California,Los Angeles County,4,8,Unknown
TX501296,Bikinis,12,56.8,681.6,19-Feb-25,21-Feb-25,M,Website,4,California,Los Angeles County,2,8,Male
TX501297,Maxi Dresses,33,47.2,1557.6,19-Feb-25,22-Feb-25,F,Website,4,California,Los Angeles County,3,8,Female
TX501298,Hoodies & Sweatshirts,6,45.1,270.6,19-Feb-25,20-Feb-25,F,Target.com,4,California,Marin County,1,8,Female
TX501299,Graphic Tees,12,25.2,302.4,19-Feb-25,24-Feb-25,F,Target.com,4,California,Napa County,5,8,Female
TX501300,T-Shirts,1,22,22,19-Feb-25,20-Feb-25,F,App,4,California,Placer County,1,8,Female
TX501301,Jeans,2,42.2,84.4,19-Feb-25,20-Feb-25,F,Website,3,California,Riverside County,1,8,Female
TX501302,Tote Bags,3,20.5,61.5,19-Feb-25,20-Feb-25,M,App,3,California,Sacramento County,1,8,Male
TX501303,Sneakers,1,190.4,190.4,19-Feb-25,24-Feb-25,M,Website,2,California,Sacramento County,5,8,Male
TX501304,Sneakers,1,121.9,121.9,19-Feb-25,21-Feb-25,F,Website,5,California,Sacramento County,2,8,Female
TX501305,Sneakers,6,149.2,895.2,19-Feb-25,20-Feb-25,F,Target.com,5,California,San Bernardino County,1,8,Female
TX501306,Sneakers,1,54.1,54.1,19-Feb-25,28-Feb-25,F,Target.com,5,California,San Bernardino County,9,8,Female
TX501307,Sandals,2,27.4,54.8,19-Feb-25,21-Feb-25,M,Website,4,California,San Diego County,2,8,Male
TX501308,Shorts,13,30.4,395.2,19-Feb-25,20-Feb-25,F,App,5,California,San Diego County,1,8,Female
TX501309,Casual Dresses,3,46.2,138.6,19-Feb-25,21-Feb-25,M,Target.com,3,California,San Francisco,2,8,Male
TX501310,Hoodies & Sweatshirts,8,78.6,628.8,19-Feb-25,23-Feb-25,M,Instagram,4,California,San Francisco,4,8,Male
TX501311,Pajama Sets,10,25.9,259,19-Feb-25,25-Feb-25,M,Partner App,4,California,San Mateo County,6,8,Male
TX501312,Jeans,1,134.8,134.8,19-Feb-25,21-Feb-25,M,Target.com,5,California,San Mateo County,2,8,Male
TX501313,Crop Tops,5,43.1,215.5,19-Feb-25,21-Feb-25,F,App,4,California,Santa Clara County,2,8,Female
TX501314,Sneakers,2,215.6,431.2,19-Feb-25,20-Feb-25,F,Target.com,4,California,Sonoma County,1,8,Female
TX501315,Jeans,2,80.7,161.4,19-Feb-25,22-Feb-25,F,Instagram,4,California,Sonoma County,3,8,Female
TX501316,Bikinis,7,20.6,144.2,19-Feb-25,24-Feb-25,,Target.com,3,California,Stanislaus County,5,8,Unknown
TX501317,Casual Dresses,3,37.1,111.3,19-Feb-25,20-Feb-25,F,App,4,California,Tuolumne County,1,8,Female
TX501318,Casual Dresses,1,104.8,104.8,20-Feb-25,22-Feb-25,F,App,4,California,Ventura County,2,8,Female
TX501319,T-Shirts,2,59,118,20-Feb-25,21-Feb-25,M,Website,4,California,Alameda County,1,8,Male
TX501320,T-Shirts,2,32.3,64.6,20-Feb-25,21-Feb-25,M,App,5,California,Alameda County,1,8,Male
TX501321,T-Shirts,4,28.9,115.6,20-Feb-25,27-Feb-25,M,App,4,California,Contra Costa County,7,8,Male
TX501322,Shorts,2,29.6,59.2,20-Feb-25,22-Feb-25,M,App,4,California,Contra Costa County,2,8,Male
TX501323,Shorts,5,29.4,147,20-Feb-25,23-Feb-25,F,App,4,California,Contra Costa County,3,8,Female
TX501324,Tank Tops,2,40.6,81.2,20-Feb-25,21-Feb-25,M,App,2,California,Fresno County,1,8,Male
TX501325,Shorts,3,32.5,97.5,20-Feb-25,21-Feb-25,M,Instagram,5,California,Kern County,1,8,Male
TX501326,Crop Tops,1,26.2,26.2,20-Feb-25,22-Feb-25,M,Target.com,4,California,Lassen County,2,8,Male
TX501327,Bikinis,30,44,1320,20-Feb-25,26-Feb-25,M,Partner App,4,California,Los Angeles County,6,8,Male
TX501328,Hoodies & Sweatshirts,4,65.6,262.4,20-Feb-25,21-Feb-25,F,Website,3,California,Los Angeles County,1,8,Female
TX501329,Sandals,12,32.6,391.2,20-Feb-25,21-Feb-25,M,Partner App,4,California,Los Angeles County,1,8,Male
TX501330,Sunglasses,2,88.7,177.4,20-Feb-25,21-Feb-25,,Instagram,5,California,Los Angeles County,1,8,Unknown
TX501331,Graphic Tees,2,21.3,42.6,20-Feb-25,21-Feb-25,M,App,4,California,Los Angeles County,1,8,Male
TX501332,Graphic Tees,6,50.6,303.6,20-Feb-25,24-Feb-25,F,Target.com,4,California,Los Angeles County,4,8,Female
TX501333,Sundresses,21,86.9,1824.9,20-Feb-25,23-Feb-25,F,App,3,California,Los Angeles County,3,8,Female
TX501334,Maxi Dresses,3,31.8,95.4,20-Feb-25,22-Feb-25,M,App,5,California,Los Angeles County,2,8,Male
TX501335,T-Shirts,1,19,19,20-Feb-25,21-Feb-25,F,App,5,California,Los Angeles County,1,8,Female
TX501336,Sandals,1,54.5,54.5,20-Feb-25,22-Feb-25,M,App,4,California,Los Angeles County,2,8,Male
TX501337,Sundresses,5,68.9,344.5,20-Feb-25,22-Feb-25,M,Partner App,3,California,Los Angeles County,2,8,Male
TX501338,Jeans,3,84,252,20-Feb-25,21-Feb-25,M,Website,2,California,Napa County,1,8,Male
TX501339,Crop Tops,8,23.1,184.8,20-Feb-25,25-Feb-25,M,App,5,California,Riverside County,5,8,Male
TX501340,Hoodies & Sweatshirts,2,62.4,124.8,20-Feb-25,21-Feb-25,F,App,3,California,Sacramento County,1,8,Female
TX501341,Jeans,12,40.7,488.4,20-Feb-25,22-Feb-25,M,Website,5,California,Sacramento County,2,8,Male
TX501342,Jeans,1,49.6,49.6,20-Feb-25,23-Feb-25,M,Target.com,4,California,San Bernardino County,3,8,Male
TX501343,Hoodies & Sweatshirts,45,66.6,2997,20-Feb-25,23-Feb-25,M,Target.com,4,California,San Diego County,3,8,Male
TX501344,T-Shirts,3,26.4,79.2,20-Feb-25,21-Feb-25,F,Website,3,California,San Diego County,1,8,Female
TX501345,Shorts,2,17.2,34.4,20-Feb-25,23-Feb-25,M,Target.com,3,California,San Diego County,3,8,Male
TX501346,Sandals,8,58.1,464.8,20-Feb-25,23-Feb-25,F,Partner App,4,California,San Diego County,3,8,Female
TX501347,Crop Tops,4,31.5,126,20-Feb-25,23-Feb-25,F,Partner App,2,California,San Diego County,3,8,Female
TX501348,Shorts,1,27.1,27.1,20-Feb-25,22-Feb-25,F,App,3,California,San Francisco,2,8,Female
TX501349,Leggings,4,28.5,114,20-Feb-25,22-Feb-25,M,Website,5,California,San Mateo County,2,8,Male
TX501350,Bikinis,1,40.5,40.5,21-Feb-25,23-Feb-25,O,Target.com,4,California,San Mateo County,2,8,Other
TX501351,Sneakers,3,77.9,233.7,21-Feb-25,25-Feb-25,F,Website,5,California,Stanislaus County,4,8,Female
TX501352,Leggings,4,37.1,148.4,21-Feb-25,23-Feb-25,M,Partner App,5,California,Stanislaus County,2,8,Male
TX501353,Sunglasses,3,51.6,154.8,21-Feb-25,1-Mar-25,F,App,2,California,Stanislaus County,8,8,Female
TX501354,Hoodies & Sweatshirts,3,98,294,21-Feb-25,22-Feb-25,M,Website,3,California,Stanislaus County,1,8,Male
TX501355,Jeans,7,41.4,289.8,21-Feb-25,22-Feb-25,M,Website,4,California,Tulare County,1,8,Male
TX501356,Maxi Dresses,8,34,272,21-Feb-25,26-Feb-25,F,App,5,California,Tuolumne County,5,8,Female
TX501357,Jeans,1,66.3,66.3,21-Feb-25,22-Feb-25,F,Website,4,California,Ventura County,1,8,Female
TX501358,Hoodies & Sweatshirts,1,33.5,33.5,21-Feb-25,25-Feb-25,M,Target.com,4,California,Ventura County,4,8,Male
TX501359,Casual Dresses,2,70.8,141.6,21-Feb-25,22-Feb-25,,App,4,California,Yolo County,1,8,Unknown
TX501360,Jeans,2,127.6,255.2,21-Feb-25,22-Feb-25,M,App,4,California,Alameda County,1,8,Male
TX501361,Jeans,3,95.9,287.7,21-Feb-25,22-Feb-25,F,Website,3,California,Alameda County,1,8,Female
TX501362,Sneakers,2,78.1,156.2,21-Feb-25,22-Feb-25,M,App,4,California,Contra Costa County,1,8,Male
TX501363,Tote Bags,2,43.2,86.4,21-Feb-25,22-Feb-25,,Website,3,California,Contra Costa County,1,8,Unknown
TX501364,T-Shirts,4,28.4,113.6,21-Feb-25,27-Feb-25,M,Target.com,4,California,Los Angeles County,6,8,Male
TX501365,Sneakers,2,81.7,163.4,21-Feb-25,21-Feb-25,M,App,4,California,Los Angeles County,0,8,Male
TX501366,Leggings,2,56.7,113.4,21-Feb-25,23-Feb-25,,App,5,California,Los Angeles County,2,8,Unknown
TX501367,Workout Tops,4,66.5,266,21-Feb-25,21-Feb-25,F,App,5,California,Los Angeles County,0,8,Female
TX501368,Tank Tops,2,105.3,210.6,21-Feb-25,25-Feb-25,M,App,3,California,Los Angeles County,4,8,Male
TX501369,Bikinis,5,33.8,169,21-Feb-25,26-Feb-25,M,App,4,California,Los Angeles County,5,8,Male
TX501370,Jeans,3,63.4,190.2,21-Feb-25,26-Feb-25,M,Instagram,3,California,Merced County,5,8,Male
TX501371,Jeans,3,49,147,21-Feb-25,25-Feb-25,M,Instagram,4,California,Monterey County,4,8,Male
TX501372,Tank Tops,2,40,80,21-Feb-25,22-Feb-25,F,Partner App,3,California,Riverside County,1,8,Female
TX501373,Jeans,4,86.3,345.2,21-Feb-25,22-Feb-25,O,App,4,California,Sacramento County,1,8,Other
TX501374,Jeans,1,51.6,51.6,21-Feb-25,23-Feb-25,F,Target.com,5,California,Sacramento County,2,8,Female
TX501375,Bikinis,3,26.7,80.1,21-Feb-25,26-Feb-25,F,Target.com,3,California,Sacramento County,5,8,Female
TX501376,Leggings,2,68.1,136.2,21-Feb-25,22-Feb-25,M,App,3,California,Sacramento County,1,8,Male
TX501377,Tank Tops,1,81.7,81.7,21-Feb-25,22-Feb-25,M,App,4,California,San Bernardino County,1,8,Male
TX501378,Leggings,10,25.1,251,21-Feb-25,24-Feb-25,M,Instagram,3,California,San Diego County,3,8,Male
TX501379,T-Shirts,1,20.2,20.2,21-Feb-25,25-Feb-25,F,App,4,California,San Diego County,4,8,Female
TX501380,T-Shirts,3,15.4,46.2,21-Feb-25,22-Feb-25,M,Website,5,California,San Diego County,1,8,Male
TX501381,Bikinis,1,59.2,59.2,21-Feb-25,22-Feb-25,M,Target.com,5,California,San Francisco,1,8,Male
TX501382,Shorts,1,46.7,46.7,21-Feb-25,26-Feb-25,M,App,4,California,San Francisco,5,8,Male
TX501383,Jeans,15,41.6,624,21-Feb-25,23-Feb-25,M,Website,4,California,San Joaquin County,2,8,Male
TX501384,T-Shirts,2,19.2,38.4,21-Feb-25,24-Feb-25,M,Partner App,5,California,San Mateo County,3,8,Male
TX501385,Pajama Sets,7,41.8,292.6,21-Feb-25,23-Feb-25,F,Target.com,4,California,Santa Clara County,2,8,Female
TX501386,T-Shirts,6,37.4,224.4,21-Feb-25,23-Feb-25,M,App,5,California,Santa Clara County,2,8,Male
TX501387,Bikinis,3,60.2,180.6,21-Feb-25,24-Feb-25,M,Partner App,3,California,Solano County,3,8,Male
TX501388,Sundresses,2,91.5,183,22-Feb-25,23-Feb-25,M,App,4,California,Ventura County,1,8,Male
TX501389,Workout Tops,5,55.7,278.5,22-Feb-25,24-Feb-25,,Website,5,California,Alameda County,2,8,Unknown
TX501390,Hoodies & Sweatshirts,2,76.7,153.4,22-Feb-25,24-Feb-25,M,App,3,California,Alameda County,2,8,Male
TX501391,T-Shirts,21,28.2,592.2,22-Feb-25,27-Feb-25,M,Target.com,4,California,Contra Costa County,5,8,Male
TX501392,Hoodies & Sweatshirts,5,93.2,466,22-Feb-25,24-Feb-25,F,Partner App,5,California,Contra Costa County,2,8,Female
TX501393,Pajama Sets,1,33.3,33.3,22-Feb-25,23-Feb-25,M,Partner App,4,California,Fresno County,1,8,Male
TX501394,Bikinis,2,39.1,78.2,22-Feb-25,25-Feb-25,M,App,4,California,Humboldt County,3,8,Male
TX501395,Hoodies & Sweatshirts,12,45.3,543.6,22-Feb-25,23-Feb-25,M,Target.com,4,California,Imperial County,1,8,Male
TX501396,Sundresses,7,33.9,237.3,22-Feb-25,23-Feb-25,M,Partner App,4,California,Imperial County,1,8,Male
TX501397,T-Shirts,3,19,57,22-Feb-25,23-Feb-25,M,App,5,California,Inyo County,1,8,Male
TX501398,Graphic Tees,1,41.9,41.9,22-Feb-25,25-Feb-25,F,Target.com,4,California,Kern County,3,8,Female
TX501399,Tank Tops,4,37.5,150,22-Feb-25,22-Feb-25,F,App,4,California,Los Angeles County,0,8,Female
TX501400,Shorts,2,40.8,81.6,22-Feb-25,25-Feb-25,M,App,4,California,Los Angeles County,3,8,Male
TX501401,Shorts,4,23.1,92.4,22-Feb-25,23-Feb-25,F,Partner App,4,California,Los Angeles County,1,8,Female
TX501402,T-Shirts,5,39.3,196.5,22-Feb-25,23-Feb-25,F,App,4,California,Los Angeles County,1,8,Female
TX501403,Sneakers,4,85.2,340.8,22-Feb-25,27-Feb-25,M,Target.com,4,California,Los Angeles County,5,8,Male
TX501404,T-Shirts,6,16,96,22-Feb-25,25-Feb-25,M,Website,4,California,Los Angeles County,3,8,Male
TX501405,Tank Tops,2,33.8,67.6,22-Feb-25,26-Feb-25,F,Website,4,California,Los Angeles County,4,8,Female
TX501406,Workout Tops,1,70,70,22-Feb-25,23-Feb-25,F,App,4,California,Los Angeles County,1,8,Female
TX501407,Sundresses,1,88,88,22-Feb-25,27-Feb-25,F,Instagram,4,California,Los Angeles County,5,8,Female
TX501408,Sneakers,3,74.1,222.3,22-Feb-25,22-Feb-25,M,Partner App,3,California,Los Angeles County,0,8,Male
TX501409,Sneakers,1,161.9,161.9,22-Feb-25,24-Feb-25,M,Target.com,4,California,Los Angeles County,2,8,Male
TX501410,Graphic Tees,2,44,88,22-Feb-25,23-Feb-25,O,Partner App,3,California,Los Angeles County,1,8,Other
TX501411,Maxi Dresses,1,32.1,32.1,22-Feb-25,22-Feb-25,F,Instagram,1,California,Los Angeles County,0,8,Female
TX501412,Sneakers,4,104.8,419.2,23-Feb-25,25-Feb-25,O,App,4,California,Los Angeles County,2,9,Other
TX501413,Sundresses,6,67.4,404.4,23-Feb-25,24-Feb-25,F,Instagram,4,California,Los Angeles County,1,9,Female
TX501414,Jeans,2,115.2,230.4,23-Feb-25,24-Feb-25,F,Website,4,California,Nevada County,1,9,Female
TX501415,T-Shirts,29,15.5,449.5,23-Feb-25,25-Feb-25,F,App,3,California,Riverside County,2,9,Female
TX501416,Jeans,11,66.4,730.4,23-Feb-25,25-Feb-25,F,App,4,California,Sacramento County,2,9,Female
TX501417,Sundresses,12,68.1,817.2,23-Feb-25,24-Feb-25,F,Target.com,4,California,San Diego County,1,9,Female
TX501418,T-Shirts,5,32.5,162.5,23-Feb-25,27-Feb-25,M,Target.com,3,California,San Diego County,4,9,Male
TX501419,Crop Tops,3,61.2,183.6,23-Feb-25,25-Feb-25,F,Website,3,California,San Diego County,2,9,Female
TX501420,Sundresses,2,54.2,108.4,23-Feb-25,24-Feb-25,F,Website,4,California,San Diego County,1,9,Female
TX501421,Maxi Dresses,8,28.7,229.6,23-Feb-25,25-Feb-25,M,Website,4,California,San Mateo County,2,9,Male
TX501422,Casual Dresses,6,38.2,229.2,23-Feb-25,27-Feb-25,F,App,3,California,San Mateo County,4,9,Female
TX501423,T-Shirts,12,17.6,211.2,23-Feb-25,24-Feb-25,F,Target.com,3,California,San Mateo County,1,9,Female
TX501424,Bikinis,3,74.6,223.8,23-Feb-25,23-Feb-25,F,Target.com,4,California,Santa Clara County,0,9,Female
TX501425,Sunglasses,15,72.6,1089,23-Feb-25,23-Feb-25,,Website,3,California,Santa Clara County,0,9,Unknown
TX501426,Hoodies & Sweatshirts,1,62.3,62.3,23-Feb-25,24-Feb-25,F,Website,4,California,Santa Clara County,1,9,Female
TX501427,Workout Tops,3,33.8,101.4,23-Feb-25,25-Feb-25,M,App,5,California,Tulare County,2,9,Male
TX501428,Sundresses,1,85.7,85.7,23-Feb-25,26-Feb-25,M,Instagram,3,California,Alameda County,3,9,Male
TX501429,Jeans,2,92.1,184.2,23-Feb-25,25-Feb-25,M,Website,4,California,Alameda County,2,9,Male
TX501430,Sunglasses,3,65.1,195.3,23-Feb-25,26-Feb-25,M,App,4,California,Contra Costa County,3,9,Male
TX501431,Sundresses,7,20.3,142.1,23-Feb-25,24-Feb-25,F,Target.com,5,California,Fresno County,1,9,Female
TX501432,Jewelry,2,29.8,59.6,23-Feb-25,25-Feb-25,F,Website,5,California,Kings County,2,9,Female
TX501433,Shorts,2,24.2,48.4,23-Feb-25,25-Feb-25,F,Instagram,5,California,Los Angeles County,2,9,Female
TX501434,Workout Tops,1,57.3,57.3,23-Feb-25,25-Feb-25,M,App,4,California,Los Angeles County,2,9,Male
TX501435,Sneakers,1,108.9,108.9,23-Feb-25,25-Feb-25,F,Website,4,California,Los Angeles County,2,9,Female
TX501436,Hoodies & Sweatshirts,5,50.7,253.5,23-Feb-25,24-Feb-25,F,App,4,California,Los Angeles County,1,9,Female
TX501437,Hoodies & Sweatshirts,9,66.1,594.9,23-Feb-25,9-Mar-25,F,Website,4,California,Los Angeles County,14,9,Female
TX501438,Casual Dresses,5,36.7,183.5,23-Feb-25,27-Feb-25,F,Partner App,4,California,Los Angeles County,4,9,Female
TX501439,T-Shirts,17,19.3,328.1,23-Feb-25,25-Feb-25,M,App,4,California,Marin County,2,9,Male
TX501440,T-Shirts,4,20.7,82.8,23-Feb-25,24-Feb-25,M,Website,5,California,Sacramento County,1,9,Male
TX501441,Sandals,3,54.7,164.1,23-Feb-25,23-Feb-25,O,Website,2,California,Sacramento County,0,9,Other
TX501442,Graphic Tees,2,19.8,39.6,23-Feb-25,27-Feb-25,F,Partner App,3,California,San Diego County,4,9,Female
TX501443,Hoodies & Sweatshirts,1,41.1,41.1,23-Feb-25,25-Feb-25,F,App,5,California,San Diego County,2,9,Female
TX501444,Maxi Dresses,8,43.5,348,23-Feb-25,27-Feb-25,F,Instagram,4,California,San Diego County,4,9,Female
TX501445,T-Shirts,14,19,266,23-Feb-25,24-Feb-25,M,App,4,California,San Joaquin County,1,9,Male
TX501446,Sneakers,4,51.4,205.6,23-Feb-25,23-Feb-25,F,App,4,California,San Joaquin County,0,9,Female
TX501447,Bikinis,2,39.8,79.6,23-Feb-25,26-Feb-25,M,Instagram,3,California,Ventura County,3,9,Male
TX501448,Jeans,5,61,305,23-Feb-25,24-Feb-25,,App,5,California,Alameda County,1,9,Unknown
TX501449,T-Shirts,11,15.1,166.1,24-Feb-25,1-Mar-25,M,Instagram,5,California,Fresno County,5,9,Male
TX501450,Tank Tops,7,71.3,499.1,24-Feb-25,25-Feb-25,M,Partner App,4,California,Los Angeles County,1,9,Male
TX501451,Bikinis,1,25.8,25.8,24-Feb-25,26-Feb-25,F,App,5,California,Los Angeles County,2,9,Female
TX501452,T-Shirts,5,39.6,198,24-Feb-25,26-Feb-25,M,Website,5,California,Los Angeles County,2,9,Male
TX501453,Sandals,2,64,128,24-Feb-25,24-Feb-25,M,Website,3,California,Los Angeles County,0,9,Male
TX501454,T-Shirts,2,30.6,61.2,24-Feb-25,27-Feb-25,M,App,5,California,Los Angeles County,3,9,Male
TX501455,T-Shirts,2,21.3,42.6,24-Feb-25,25-Feb-25,M,App,3,California,Los Angeles County,1,9,Male
TX501456,Hoodies & Sweatshirts,1,40.8,40.8,24-Feb-25,26-Feb-25,F,Partner App,4,California,Los Angeles County,2,9,Female
TX501457,Sundresses,4,27.7,110.8,24-Feb-25,25-Feb-25,F,App,3,California,Los Angeles County,1,9,Female
TX501458,Jeans,2,64.6,129.2,24-Feb-25,25-Feb-25,M,App,3,California,Los Angeles County,1,9,Male
TX501459,Jeans,16,91.1,1457.6,24-Feb-25,25-Feb-25,F,Website,5,California,Los Angeles County,1,9,Female
TX501460,Tank Tops,1,39.5,39.5,24-Feb-25,4-Mar-25,F,App,4,California,Los Angeles County,8,9,Female
TX501461,Sundresses,2,21.8,43.6,24-Feb-25,28-Feb-25,M,Partner App,5,California,Los Angeles County,4,9,Male
TX501462,T-Shirts,2,51,102,24-Feb-25,27-Feb-25,M,Instagram,5,California,Los Angeles County,3,9,Male
TX501463,Sneakers,1,92.6,92.6,24-Feb-25,27-Feb-25,F,App,5,California,Plumas County,3,9,Female
TX501464,Sundresses,2,31.1,62.2,24-Feb-25,1-Mar-25,,Website,1,California,Riverside County,5,9,Unknown
TX501465,Sandals,3,56.4,169.2,24-Feb-25,25-Feb-25,,Website,4,California,Sacramento County,1,9,Unknown
TX501466,Sundresses,1,41.9,41.9,24-Feb-25,24-Feb-25,M,Website,4,California,Sacramento County,0,9,Male
TX501467,Bikinis,7,45.9,321.3,24-Feb-25,25-Feb-25,M,Instagram,5,California,San Diego County,1,9,Male
TX501468,Baseball Caps,9,24.4,219.6,24-Feb-25,28-Feb-25,M,Instagram,5,California,San Diego County,4,9,Male
TX501469,T-Shirts,1,18.2,18.2,24-Feb-25,25-Feb-25,F,Target.com,5,California,San Diego County,1,9,Female
TX501470,T-Shirts,4,51.2,204.8,24-Feb-25,25-Feb-25,F,App,4,California,San Diego County,1,9,Female
TX501471,Jeans,1,59.7,59.7,24-Feb-25,27-Feb-25,M,App,5,California,San Diego County,3,9,Male
TX501472,Graphic Tees,2,33.6,67.2,24-Feb-25,26-Feb-25,F,App,4,California,San Francisco,2,9,Female
TX501473,Casual Dresses,1,90.4,90.4,24-Feb-25,28-Feb-25,M,Website,5,California,Santa Barbara County,4,9,Male
TX501474,Maxi Dresses,3,70.3,210.9,24-Feb-25,24-Feb-25,M,Website,5,California,Santa Clara County,0,9,Male
TX501475,Graphic Tees,2,20.5,41,24-Feb-25,27-Feb-25,F,App,3,California,Santa Clara County,3,9,Female
TX501476,Sandals,11,37.6,413.6,24-Feb-25,25-Feb-25,M,App,4,California,Solano County,1,9,Male
TX501477,Sandals,4,61.5,246,24-Feb-25,3-Mar-25,F,Website,2,California,Ventura County,7,9,Female
TX501478,Sundresses,1,33.5,33.5,25-Feb-25,1-Mar-25,M,Partner App,3,California,Alameda County,4,9,Male
TX501479,Graphic Tees,3,29.3,87.9,25-Feb-25,27-Feb-25,F,Website,5,California,Contra Costa County,2,9,Female
TX501480,Sneakers,2,125.9,251.8,25-Feb-25,2-Mar-25,F,Partner App,3,California,Contra Costa County,5,9,Female
TX501481,Sandals,5,29.3,146.5,25-Feb-25,25-Feb-25,M,Target.com,4,California,Humboldt County,0,9,Male
TX501482,Sundresses,1,37.8,37.8,25-Feb-25,28-Feb-25,F,App,5,California,Los Angeles County,3,9,Female
TX501483,Shorts,4,31.7,126.8,25-Feb-25,26-Feb-25,M,Target.com,5,California,Los Angeles County,1,9,Male
TX501484,T-Shirts,5,26.3,131.5,25-Feb-25,26-Feb-25,F,Instagram,5,California,Los Angeles County,1,9,Female
TX501485,T-Shirts,3,23.1,69.3,25-Feb-25,26-Feb-25,O,Target.com,3,California,Los Angeles County,1,9,Other
TX501486,Graphic Tees,1,22.3,22.3,25-Feb-25,27-Feb-25,F,Target.com,4,California,Los Angeles County,2,9,Female
TX501487,Casual Dresses,2,99.5,199,25-Feb-25,27-Feb-25,F,Target.com,4,California,Los Angeles County,2,9,Female
TX501488,Casual Dresses,4,47.4,189.6,25-Feb-25,28-Feb-25,F,Website,4,California,Los Angeles County,3,9,Female
TX501489,Shorts,11,37.5,412.5,25-Feb-25,27-Feb-25,F,App,1,California,Los Angeles County,2,9,Female
TX501490,Bikinis,1,45.1,45.1,25-Feb-25,2-Mar-25,M,Instagram,5,California,Merced County,5,9,Male
TX501491,Sandals,10,34.4,344,25-Feb-25,28-Feb-25,M,Target.com,4,California,Napa County,3,9,Male
TX501492,Graphic Tees,2,38,76,25-Feb-25,27-Feb-25,F,Website,4,California,Placer County,2,9,Female
TX501493,Workout Tops,14,32.4,453.6,25-Feb-25,28-Feb-25,M,Partner App,4,California,Sacramento County,3,9,Male
TX501494,Jeans,3,40.9,122.7,25-Feb-25,25-Feb-25,,Website,4,California,San Diego County,0,9,Unknown
TX501495,Hoodies & Sweatshirts,7,76.2,533.4,25-Feb-25,27-Feb-25,F,Target.com,3,California,San Diego County,2,9,Female
TX501496,Sneakers,1,85.6,85.6,25-Feb-25,27-Feb-25,M,Target.com,4,California,San Diego County,2,9,Male
TX501497,Graphic Tees,4,25,100,25-Feb-25,27-Feb-25,F,Target.com,5,California,San Diego County,2,9,Female
TX501498,Sneakers,5,150.7,753.5,25-Feb-25,26-Feb-25,,App,5,California,San Diego County,1,9,Unknown
TX501499,T-Shirts,1,19.6,19.6,25-Feb-25,26-Feb-25,M,Website,2,California,San Diego County,1,9,Male
TX501500,Tote Bags,2,37.5,75,25-Feb-25,28-Feb-25,F,Website,5,California,San Francisco,3,9,Female
TX501501,Sundresses,3,51.9,155.7,25-Feb-25,3-Mar-25,F,App,2,California,Santa Clara County,6,9,Female
TX501502,Tank Tops,2,30.9,61.8,25-Feb-25,27-Feb-25,F,Website,4,California,Sonoma County,2,9,Female
TX501503,Graphic Tees,3,21.2,63.6,25-Feb-25,28-Feb-25,F,Website,4,California,Stanislaus County,3,9,Female
TX501504,Tote Bags,17,17.5,297.5,25-Feb-25,26-Feb-25,M,Website,3,California,Ventura County,1,9,Male
TX501505,Casual Dresses,2,53.8,107.6,25-Feb-25,2-Mar-25,F,App,5,California,Alameda County,5,9,Female
TX501506,Jewelry,2,17,34,25-Feb-25,26-Feb-25,M,Instagram,4,California,Alameda County,1,9,Male
TX501507,Jeans,1,103.2,103.2,25-Feb-25,5-Mar-25,M,Target.com,3,California,Contra Costa County,8,9,Male
TX501508,Jeans,4,70.3,281.2,25-Feb-25,26-Feb-25,M,App,4,California,Los Angeles County,1,9,Male
TX501509,Sneakers,2,73.8,147.6,25-Feb-25,25-Feb-25,M,Instagram,5,California,Los Angeles County,0,9,Male
TX501510,Tank Tops,12,67.7,812.4,25-Feb-25,1-Mar-25,M,Website,3,California,Los Angeles County,4,9,Male
TX501511,Tote Bags,7,43.8,306.6,25-Feb-25,27-Feb-25,M,Website,4,California,Los Angeles County,2,9,Male
TX501512,Pajama Sets,6,71.9,431.4,25-Feb-25,26-Feb-25,F,Target.com,4,California,Los Angeles County,1,9,Female
TX501513,T-Shirts,2,26.3,52.6,26-Feb-25,28-Feb-25,F,App,3,California,Los Angeles County,2,9,Female
TX501514,Jeans,4,52.6,210.4,26-Feb-25,28-Feb-25,F,Target.com,3,California,Los Angeles County,2,9,Female
TX501515,Bikinis,1,32.7,32.7,26-Feb-25,5-Mar-25,F,App,5,California,Los Angeles County,7,9,Female
TX501516,Sandals,4,38.9,155.6,26-Feb-25,27-Feb-25,F,App,4,California,Los Angeles County,1,9,Female
TX501517,Sundresses,5,35,175,26-Feb-25,28-Feb-25,M,App,4,California,Los Angeles County,2,9,Male
TX501518,Sneakers,2,121,242,26-Feb-25,27-Feb-25,F,Website,3,California,Los Angeles County,1,9,Female
TX501519,Jeans,3,65.1,195.3,26-Feb-25,2-Mar-25,M,Target.com,4,California,San Benito County,4,9,Male
TX501520,Tank Tops,21,63.8,1339.8,26-Feb-25,28-Feb-25,F,App,4,California,San Diego County,2,9,Female
TX501521,Hoodies & Sweatshirts,1,77.7,77.7,26-Feb-25,28-Feb-25,M,App,4,California,San Diego County,2,9,Male
TX501522,Sandals,4,60.3,241.2,26-Feb-25,26-Feb-25,M,App,5,California,San Diego County,0,9,Male
TX501523,Sandals,2,124.1,248.2,26-Feb-25,1-Mar-25,F,App,5,California,San Diego County,3,9,Female
TX501524,Sunglasses,7,66,462,26-Feb-25,26-Feb-25,,Instagram,4,California,San Francisco,0,9,Unknown
TX501525,Sneakers,63,118.2,7446.6,26-Feb-25,3-Mar-25,,App,4,California,San Francisco,5,9,Unknown
TX501526,Sandals,5,64.3,321.5,26-Feb-25,27-Feb-25,M,Partner App,2,California,San Joaquin County,1,9,Male
TX501527,Tank Tops,2,54.8,109.6,26-Feb-25,26-Feb-25,M,App,3,California,San Joaquin County,0,9,Male
TX501528,Hoodies & Sweatshirts,2,78.6,157.2,26-Feb-25,27-Feb-25,M,App,5,California,San Mateo County,1,9,Male
TX501529,Sneakers,5,158.5,792.5,26-Feb-25,28-Feb-25,,Target.com,5,California,San Mateo County,2,9,Unknown
TX501530,Graphic Tees,10,23.5,235,26-Feb-25,1-Mar-25,M,App,2,California,Santa Barbara County,3,9,Male
TX501531,Sandals,2,32.1,64.2,26-Feb-25,28-Feb-25,,Instagram,4,California,Santa Barbara County,2,9,Unknown
TX501532,Pajama Sets,4,71.9,287.6,26-Feb-25,26-Feb-25,M,Target.com,4,California,Stanislaus County,0,9,Male
TX501533,Graphic Tees,6,22.3,133.8,26-Feb-25,27-Feb-25,,Instagram,5,California,Ventura County,1,9,Unknown
TX501534,Maxi Dresses,2,29.5,59,26-Feb-25,27-Feb-25,F,App,5,California,Ventura County,1,9,Female
TX501535,Jeans,4,41.9,167.6,26-Feb-25,2-Mar-25,F,App,3,California,Alameda County,4,9,Female
TX501536,Jeans,3,107.8,323.4,26-Feb-25,27-Feb-25,M,Website,5,California,Amador County,1,9,Male
TX501537,Graphic Tees,5,18.1,90.5,26-Feb-25,1-Mar-25,M,App,5,California,Fresno County,3,9,Male
TX501538,Casual Dresses,9,79.8,718.2,26-Feb-25,27-Feb-25,F,Website,3,California,Kern County,1,9,Female
TX501539,Shorts,3,22.3,66.9,26-Feb-25,1-Mar-25,F,App,5,California,Kern County,3,9,Female
TX501540,T-Shirts,1,22.9,22.9,26-Feb-25,26-Feb-25,F,Website,4,California,Kern County,0,9,Female
TX501541,Shorts,3,16.2,48.6,27-Feb-25,27-Feb-25,M,Partner App,5,California,Los Angeles County,0,9,Male
TX501542,Bikinis,4,59.5,238,27-Feb-25,28-Feb-25,M,Website,5,California,Los Angeles County,1,9,Male
TX501543,Leggings,5,26.2,131,27-Feb-25,2-Mar-25,M,Instagram,2,California,Los Angeles County,3,9,Male
TX501544,Workout Tops,1,44.2,44.2,27-Feb-25,2-Mar-25,F,Website,4,California,Los Angeles County,3,9,Female
TX501545,Sundresses,2,59.2,118.4,27-Feb-25,27-Feb-25,F,Website,2,California,Los Angeles County,0,9,Female
TX501546,Crop Tops,4,41.5,166,27-Feb-25,1-Mar-25,F,App,4,California,Napa County,2,9,Female
TX501547,Jeans,12,67.1,805.2,27-Feb-25,13-Mar-25,F,App,5,California,Riverside County,14,9,Female
TX501548,T-Shirts,2,28.7,57.4,27-Feb-25,3-Mar-25,F,Website,4,California,Sacramento County,4,9,Female
TX501549,Sneakers,4,132.1,528.4,27-Feb-25,28-Feb-25,F,App,3,California,Sacramento County,1,9,Female
TX501550,Leggings,2,47,94,27-Feb-25,1-Mar-25,M,Partner App,4,California,San Diego County,2,9,Male
TX501551,T-Shirts,2,41.6,83.2,27-Feb-25,3-Mar-25,M,Website,5,California,San Diego County,4,9,Male
TX501552,T-Shirts,38,17.3,657.4,27-Feb-25,1-Mar-25,M,Target.com,5,California,San Diego County,2,9,Male
TX501553,Tote Bags,3,41.8,125.4,27-Feb-25,2-Mar-25,M,App,5,California,San Diego County,3,9,Male
TX501554,Bikinis,1,24,24,27-Feb-25,28-Feb-25,F,App,4,California,San Francisco,1,9,Female
TX501555,Baseball Caps,9,18.5,166.5,27-Feb-25,1-Mar-25,F,App,4,California,San Mateo County,2,9,Female
TX501556,Workout Tops,12,66.7,800.4,27-Feb-25,2-Mar-25,,App,5,California,Santa Clara County,3,9,Unknown
TX501557,Tank Tops,4,33.1,132.4,27-Feb-25,4-Mar-25,M,Instagram,4,California,Santa Clara County,5,9,Male
TX501558,Jewelry,9,42.1,378.9,27-Feb-25,10-Mar-25,M,Website,4,California,Sonoma County,11,9,Male
TX501559,Leggings,7,58.7,410.9,27-Feb-25,27-Feb-25,O,Instagram,4,California,Sutter County,0,9,Other
TX501560,Jeans,4,54,216,27-Feb-25,1-Mar-25,F,Website,4,California,Contra Costa County,2,9,Female
TX501561,T-Shirts,1,52.1,52.1,27-Feb-25,28-Feb-25,F,Target.com,5,California,Fresno County,1,9,Female
TX501562,Jewelry,2,27,54,27-Feb-25,2-Mar-25,O,Target.com,4,California,Kern County,3,9,Other
TX501563,Casual Dresses,10,31,310,28-Feb-25,1-Mar-25,F,Instagram,5,California,Kern County,1,9,Female
TX501564,Bikinis,2,46.7,93.4,28-Feb-25,28-Feb-25,F,App,4,California,Kings County,0,9,Female
TX501565,Jeans,1,144.7,144.7,28-Feb-25,3-Mar-25,M,App,5,California,Los Angeles County,3,9,Male
TX501566,Sneakers,9,90.9,818.1,28-Feb-25,1-Mar-25,M,App,5,California,Los Angeles County,1,9,Male
TX501567,Tank Tops,2,75.8,151.6,28-Feb-25,1-Mar-25,F,Target.com,3,California,Los Angeles County,1,9,Female
TX501568,Hoodies & Sweatshirts,5,57.9,289.5,28-Feb-25,2-Mar-25,M,Target.com,5,California,Los Angeles County,2,9,Male
TX501569,T-Shirts,5,44.8,224,28-Feb-25,1-Mar-25,F,Instagram,5,California,Los Angeles County,1,9,Female
TX501570,Sundresses,3,44.2,132.6,28-Feb-25,4-Mar-25,M,Target.com,5,California,Los Angeles County,4,9,Male
TX501571,Sandals,5,53.5,267.5,28-Feb-25,2-Mar-25,M,App,4,California,Madera County,2,9,Male
TX501572,Jeans,2,72.2,144.4,28-Feb-25,1-Mar-25,M,App,5,California,Orange County,1,9,Male
TX501573,Jeans,4,62.4,249.6,28-Feb-25,3-Mar-25,F,App,3,California,Riverside County,3,9,Female
TX501574,Bikinis,5,24.7,123.5,28-Feb-25,1-Mar-25,F,App,4,California,Sacramento County,1,9,Female
TX501575,Tank Tops,5,61.7,308.5,28-Feb-25,2-Mar-25,F,Target.com,4,California,San Diego County,2,9,Female
TX501576,T-Shirts,5,18.2,91,28-Feb-25,2-Mar-25,F,Instagram,4,California,San Diego County,2,9,Female
TX501577,Bikinis,4,37.2,148.8,28-Feb-25,6-Mar-25,F,App,4,California,San Diego County,6,9,Female
TX501578,Sundresses,3,53.5,160.5,28-Feb-25,2-Mar-25,F,Website,5,California,San Mateo County,2,9,Female
TX501579,T-Shirts,3,43.6,130.8,28-Feb-25,28-Feb-25,F,App,4,California,San Mateo County,0,9,Female
TX501580,Tank Tops,10,135,1350,28-Feb-25,2-Mar-25,F,App,5,California,San Mateo County,2,9,Female
TX501581,T-Shirts,5,38.5,192.5,28-Feb-25,28-Feb-25,M,Partner App,5,California,Santa Barbara County,0,9,Male
TX501582,Sundresses,2,24,48,28-Feb-25,5-Mar-25,F,App,4,California,Santa Clara County,5,9,Female
TX501583,Graphic Tees,3,28.2,84.6,28-Feb-25,2-Mar-25,M,App,1,California,Sonoma County,2,9,Male
TX501584,Hoodies & Sweatshirts,3,37.4,112.2,28-Feb-25,1-Mar-25,F,Instagram,4,California,Contra Costa County,1,9,Female
TX501585,Jeans,3,53.5,160.5,28-Feb-25,3-Mar-25,,Partner App,2,California,Contra Costa County,3,9,Unknown
TX501586,Maxi Dresses,5,36.2,181,28-Feb-25,1-Mar-25,M,Website,5,California,Imperial County,1,9,Male
TX501587,Shorts,8,31.9,255.2,28-Feb-25,1-Mar-25,F,Partner App,4,California,Los Angeles County,1,9,Female
TX501588,T-Shirts,3,21.3,63.9,28-Feb-25,1-Mar-25,M,App,5,California,Los Angeles County,1,9,Male
TX501589,T-Shirts,1,36.3,36.3,28-Feb-25,2-Mar-25,O,Partner App,4,California,Los Angeles County,2,9,Other
TX501590,Jeans,3,110.5,331.5,28-Feb-25,1-Mar-25,F,App,1,California,Los Angeles County,1,9,Female
TX501591,Bikinis,7,32.6,228.2,28-Feb-25,2-Mar-25,F,App,3,California,Los Angeles County,2,9,Female
TX501592,Sandals,3,55.6,166.8,1-Mar-25,14-Mar-25,F,App,4,California,Los Angeles County,13,9,Female
TX501593,Tank Tops,4,38,152,1-Mar-25,2-Mar-25,F,Instagram,5,California,Placer County,1,9,Female
TX501594,Bikinis,2,51.8,103.6,1-Mar-25,7-Mar-25,M,Website,2,California,Sacramento County,6,9,Male
TX501595,Maxi Dresses,8,28.7,229.6,1-Mar-25,6-Mar-25,F,App,4,California,Sacramento County,5,9,Female
TX501596,Jeans,12,52.2,626.4,1-Mar-25,1-Mar-25,M,App,3,California,Sacramento County,0,9,Male
TX501597,Tank Tops,2,68.2,136.4,1-Mar-25,2-Mar-25,,Target.com,4,California,San Bernardino County,1,9,Unknown
TX501598,Shorts,3,34,102,1-Mar-25,5-Mar-25,F,App,4,California,San Diego County,4,9,Female
TX501599,T-Shirts,3,19.1,57.3,1-Mar-25,2-Mar-25,F,Partner App,4,California,San Diego County,1,9,Female
TX501600,Sandals,8,34,272,1-Mar-25,9-Mar-25,F,Partner App,4,California,San Diego County,8,9,Female
TX501601,Casual Dresses,2,109.1,218.2,1-Mar-25,3-Mar-25,M,App,5,California,San Diego County,2,9,Male
TX501602,Leggings,2,64.8,129.6,1-Mar-25,3-Mar-25,M,App,5,California,San Diego County,2,9,Male
TX501603,Bikinis,2,21.1,42.2,1-Mar-25,1-Mar-25,F,Website,4,California,Santa Clara County,0,9,Female
TX501604,Shorts,8,21.3,170.4,1-Mar-25,3-Mar-25,M,Instagram,3,California,Sonoma County,2,9,Male
TX501605,Sundresses,3,24.3,72.9,1-Mar-25,2-Mar-25,M,Website,4,California,Stanislaus County,1,9,Male
TX501606,T-Shirts,1,43.3,43.3,1-Mar-25,5-Mar-25,M,Website,3,California,Ventura County,4,9,Male
TX501607,Sundresses,3,41,123,1-Mar-25,2-Mar-25,F,Instagram,2,California,Alameda County,1,9,Female
TX501608,Sunglasses,3,54.1,162.3,1-Mar-25,3-Mar-25,F,Partner App,4,California,Alameda County,2,9,Female
TX501609,Maxi Dresses,2,39,78,1-Mar-25,2-Mar-25,M,Website,5,California,Contra Costa County,1,9,Male
TX501610,T-Shirts,2,40.3,80.6,1-Mar-25,3-Mar-25,M,Instagram,4,California,Glenn County,2,9,Male
TX501611,T-Shirts,3,24.1,72.3,1-Mar-25,2-Mar-25,M,App,5,California,Kings County,1,9,Male
TX501612,Jeans,5,52.3,261.5,1-Mar-25,2-Mar-25,M,Target.com,4,California,Los Angeles County,1,9,Male
TX501613,Casual Dresses,4,68.8,275.2,1-Mar-25,5-Mar-25,F,Partner App,5,California,Los Angeles County,4,9,Female
TX501614,Sneakers,2,128.8,257.6,2-Mar-25,5-Mar-25,F,Website,3,California,Los Angeles County,3,10,Female
TX501615,Crop Tops,5,48.2,241,2-Mar-25,4-Mar-25,F,Instagram,4,California,Los Angeles County,2,10,Female
TX501616,Bikinis,1,39.7,39.7,2-Mar-25,4-Mar-25,F,App,3,California,Los Angeles County,2,10,Female
TX501617,Sundresses,1,59.7,59.7,2-Mar-25,5-Mar-25,F,Partner App,4,California,Los Angeles County,3,10,Female
TX501618,Jeans,1,48.3,48.3,2-Mar-25,16-Mar-25,O,App,5,California,Los Angeles County,14,10,Other
TX501619,T-Shirts,3,45.5,136.5,2-Mar-25,4-Mar-25,M,Target.com,3,California,Los Angeles County,2,10,Male
TX501620,Sundresses,27,51,1377,2-Mar-25,2-Mar-25,F,Target.com,4,California,Los Angeles County,0,10,Female
TX501621,Graphic Tees,6,20.4,122.4,2-Mar-25,3-Mar-25,M,Target.com,4,California,Los Angeles County,1,10,Male
TX501622,Bikinis,2,30.4,60.8,2-Mar-25,4-Mar-25,M,Target.com,4,California,Los Angeles County,2,10,Male
TX501623,Hoodies & Sweatshirts,2,71.5,143,2-Mar-25,6-Mar-25,F,App,4,California,Los Angeles County,4,10,Female
TX501624,T-Shirts,6,18,108,2-Mar-25,3-Mar-25,O,Website,5,California,Sacramento County,1,10,Other
TX501625,Crop Tops,11,45.6,501.6,2-Mar-25,3-Mar-25,O,Website,3,California,San Bernardino County,1,10,Other
TX501626,Sundresses,1,31.8,31.8,2-Mar-25,6-Mar-25,F,App,5,California,San Bernardino County,4,10,Female
TX501627,T-Shirts,5,19.9,99.5,2-Mar-25,3-Mar-25,F,Website,4,California,San Bernardino County,1,10,Female
TX501628,Casual Dresses,9,52.1,468.9,2-Mar-25,4-Mar-25,M,App,4,California,San Diego County,2,10,Male
TX501629,Tank Tops,7,45.9,321.3,2-Mar-25,3-Mar-25,M,App,3,California,San Diego County,1,10,Male
TX501630,Tank Tops,10,115.9,1159,2-Mar-25,5-Mar-25,F,Website,4,California,San Diego County,3,10,Female
TX501631,Jeans,9,86,774,2-Mar-25,7-Mar-25,F,App,3,California,San Diego County,5,10,Female
TX501632,Hoodies & Sweatshirts,7,73.6,515.2,2-Mar-25,4-Mar-25,F,App,4,California,San Francisco,2,10,Female
TX501633,Bikinis,3,26.7,80.1,2-Mar-25,6-Mar-25,F,App,4,California,Santa Clara County,4,10,Female
TX501634,T-Shirts,7,46.6,326.2,2-Mar-25,4-Mar-25,,Instagram,4,California,Santa Clara County,2,10,Unknown
TX501635,Workout Tops,3,84.6,253.8,2-Mar-25,4-Mar-25,M,Partner App,4,California,Santa Clara County,2,10,Male
TX501636,Hoodies & Sweatshirts,14,41.5,581,2-Mar-25,16-Mar-25,M,Website,4,California,Shasta County,14,10,Male
TX501637,T-Shirts,1,32.8,32.8,2-Mar-25,5-Mar-25,M,App,5,California,Siskiyou County,3,10,Male
TX501638,Graphic Tees,7,46.7,326.9,2-Mar-25,4-Mar-25,O,App,5,California,Sonoma County,2,10,Other
TX501639,Crop Tops,7,21,147,2-Mar-25,5-Mar-25,M,Target.com,3,California,Alameda County,3,10,Male
TX501640,Sandals,7,29.4,205.8,2-Mar-25,2-Mar-25,M,Instagram,5,California,Alameda County,0,10,Male
TX501641,Crop Tops,2,32.3,64.6,2-Mar-25,3-Mar-25,M,App,5,California,Alameda County,1,10,Male
TX501642,Jeans,1,42.2,42.2,3-Mar-25,5-Mar-25,F,App,5,California,Alameda County,2,10,Female
TX501643,Jeans,1,53.7,53.7,3-Mar-25,5-Mar-25,M,Website,3,California,Contra Costa County,2,10,Male
TX501644,Sneakers,2,123.9,247.8,3-Mar-25,6-Mar-25,M,Target.com,4,California,Contra Costa County,3,10,Male
TX501645,Graphic Tees,3,35.9,107.7,3-Mar-25,5-Mar-25,M,Target.com,4,California,Kern County,2,10,Male
TX501646,Graphic Tees,2,23.6,47.2,3-Mar-25,6-Mar-25,M,App,5,California,Los Angeles County,3,10,Male
TX501647,Crop Tops,35,45.7,1599.5,3-Mar-25,4-Mar-25,M,App,3,California,Los Angeles County,1,10,Male
TX501648,Jeans,11,118.3,1301.3,3-Mar-25,5-Mar-25,M,Partner App,5,California,Los Angeles County,2,10,Male
TX501649,Jewelry,1,36,36,3-Mar-25,4-Mar-25,F,App,3,California,Los Angeles County,1,10,Female
TX501650,T-Shirts,2,37.1,74.2,3-Mar-25,6-Mar-25,F,Target.com,4,California,Los Angeles County,3,10,Female
TX501651,Leggings,3,45.1,135.3,3-Mar-25,5-Mar-25,F,Website,5,California,Los Angeles County,2,10,Female
TX501652,Sandals,16,37.9,606.4,3-Mar-25,4-Mar-25,F,Instagram,5,California,Los Angeles County,1,10,Female
TX501653,Sneakers,2,121.6,243.2,3-Mar-25,6-Mar-25,M,Instagram,5,California,Los Angeles County,3,10,Male
TX501654,Sandals,7,38.2,267.4,3-Mar-25,6-Mar-25,F,App,4,California,Los Angeles County,3,10,Female
TX501655,Pajama Sets,2,37.2,74.4,3-Mar-25,6-Mar-25,M,Partner App,4,California,Los Angeles County,3,10,Male
TX501656,Sneakers,4,115.7,462.8,3-Mar-25,6-Mar-25,F,Website,4,California,Los Angeles County,3,10,Female
TX501657,Sneakers,6,99.4,596.4,3-Mar-25,6-Mar-25,M,App,5,California,Los Angeles County,3,10,Male
TX501658,Maxi Dresses,1,38.7,38.7,3-Mar-25,4-Mar-25,F,Target.com,4,California,Orange County,1,10,Female
TX501659,Graphic Tees,2,35.5,71,3-Mar-25,6-Mar-25,M,App,5,California,Orange County,3,10,Male
TX501660,Sneakers,4,93.3,373.2,3-Mar-25,6-Mar-25,F,App,5,California,Sacramento County,3,10,Female
TX501661,Sunglasses,1,31.4,31.4,3-Mar-25,8-Mar-25,F,Target.com,5,California,Sacramento County,5,10,Female
TX501662,Tank Tops,1,85.9,85.9,3-Mar-25,6-Mar-25,M,Website,4,California,Sacramento County,3,10,Male
TX501663,Jeans,8,41.7,333.6,3-Mar-25,11-Mar-25,M,App,5,California,San Bernardino County,8,10,Male
TX501664,T-Shirts,4,31.5,126,3-Mar-25,4-Mar-25,F,App,4,California,San Bernardino County,1,10,Female
TX501665,T-Shirts,2,36.3,72.6,3-Mar-25,4-Mar-25,F,App,2,California,San Diego County,1,10,Female
TX501666,T-Shirts,3,33.4,100.2,3-Mar-25,4-Mar-25,F,Instagram,4,California,San Francisco,1,10,Female
TX501667,Sneakers,3,65.2,195.6,3-Mar-25,4-Mar-25,F,Target.com,5,California,San Joaquin County,1,10,Female
TX501668,T-Shirts,9,65.5,589.5,3-Mar-25,6-Mar-25,F,App,5,California,San Mateo County,3,10,Female
TX501669,Jeans,3,52.8,158.4,3-Mar-25,6-Mar-25,M,Target.com,4,California,San Mateo County,3,10,Male
TX501670,Sundresses,5,24,120,3-Mar-25,7-Mar-25,M,App,3,California,Santa Clara County,4,10,Male
TX501671,Workout Tops,3,51.2,153.6,3-Mar-25,4-Mar-25,F,App,4,California,Santa Cruz County,1,10,Female
TX501672,Sandals,3,28.3,84.9,3-Mar-25,5-Mar-25,M,Partner App,4,California,Stanislaus County,2,10,Male
TX501673,Jeans,3,42.3,126.9,3-Mar-25,3-Mar-25,F,Target.com,3,California,Stanislaus County,0,10,Female
TX501674,Sneakers,8,163.3,1306.4,4-Mar-25,5-Mar-25,F,Website,4,California,Ventura County,1,10,Female
TX501675,Jeans,7,47.3,331.1,4-Mar-25,7-Mar-25,F,Partner App,3,California,Alameda County,3,10,Female
TX501676,T-Shirts,16,27.3,436.8,4-Mar-25,5-Mar-25,F,Target.com,4,California,Alameda County,1,10,Female
TX501677,Bikinis,6,34.9,209.4,4-Mar-25,15-Mar-25,F,App,4,California,Alameda County,11,10,Female
TX501678,Jeans,2,53.9,107.8,4-Mar-25,7-Mar-25,O,App,2,California,Contra Costa County,3,10,Other
TX501679,Sneakers,2,87.2,174.4,4-Mar-25,5-Mar-25,F,App,3,California,Contra Costa County,1,10,Female
TX501680,Crop Tops,1,58.8,58.8,4-Mar-25,6-Mar-25,F,Target.com,4,California,Humboldt County,2,10,Female
TX501681,Sneakers,7,125.5,878.5,4-Mar-25,5-Mar-25,M,Target.com,2,California,Kern County,1,10,Male
TX501682,Tank Tops,4,124.6,498.4,4-Mar-25,6-Mar-25,F,App,3,California,Kern County,2,10,Female
TX501683,Tank Tops,7,39.9,279.3,4-Mar-25,5-Mar-25,M,Target.com,3,California,Los Angeles County,1,10,Male
TX501684,Jeans,1,94.6,94.6,4-Mar-25,18-Mar-25,F,App,3,California,Los Angeles County,14,10,Female
TX501685,Sneakers,2,149.6,299.2,4-Mar-25,5-Mar-25,F,App,4,California,Los Angeles County,1,10,Female
TX501686,T-Shirts,1,52.2,52.2,4-Mar-25,5-Mar-25,,Website,4,California,Los Angeles County,1,10,Unknown
TX501687,Jeans,2,96.5,193,4-Mar-25,5-Mar-25,F,Website,3,California,Los Angeles County,1,10,Female
TX501688,T-Shirts,2,79.8,159.6,4-Mar-25,6-Mar-25,F,App,3,California,Los Angeles County,2,10,Female
TX501689,T-Shirts,3,35.6,106.8,4-Mar-25,5-Mar-25,F,Target.com,4,California,Los Angeles County,1,10,Female
TX501690,Sunglasses,1,50.2,50.2,4-Mar-25,5-Mar-25,F,Website,5,California,Los Angeles County,1,10,Female
TX501691,Tank Tops,3,55.3,165.9,4-Mar-25,7-Mar-25,F,App,2,California,Mariposa County,3,10,Female
TX501692,Jeans,7,104.5,731.5,4-Mar-25,8-Mar-25,F,Website,4,California,San Bernardino County,4,10,Female
TX501693,Jeans,4,66.5,266,4-Mar-25,6-Mar-25,M,Website,4,California,San Bernardino County,2,10,Male
TX501694,Bikinis,8,38.3,306.4,4-Mar-25,5-Mar-25,F,App,4,California,San Bernardino County,1,10,Female
TX501695,Jeans,3,63.8,191.4,4-Mar-25,7-Mar-25,F,Website,4,California,San Diego County,3,10,Female
TX501696,Crop Tops,1,21.4,21.4,4-Mar-25,4-Mar-25,M,Partner App,4,California,San Diego County,0,10,Male
TX501697,T-Shirts,4,44.1,176.4,4-Mar-25,6-Mar-25,F,Target.com,4,California,San Diego County,2,10,Female
TX501698,Sandals,8,57.6,460.8,4-Mar-25,6-Mar-25,M,Website,5,California,San Diego County,2,10,Male
TX501699,Sundresses,2,20.3,40.6,4-Mar-25,10-Mar-25,F,Instagram,4,California,San Diego County,6,10,Female
TX501700,T-Shirts,1,22.9,22.9,4-Mar-25,6-Mar-25,F,Target.com,5,California,San Diego County,2,10,Female
TX501701,Jeans,4,105.9,423.6,4-Mar-25,5-Mar-25,F,Website,5,California,San Francisco,1,10,Female
TX501702,Tank Tops,9,37.4,336.6,4-Mar-25,8-Mar-25,M,Website,4,California,Santa Clara County,4,10,Male
TX501703,Leggings,2,79,158,4-Mar-25,5-Mar-25,M,Target.com,4,California,Yolo County,1,10,Male
TX501704,Shorts,3,19.3,57.9,4-Mar-25,5-Mar-25,F,Partner App,4,California,Alameda County,1,10,Female
TX501705,Shorts,1,24,24,4-Mar-25,5-Mar-25,F,Website,4,California,Contra Costa County,1,10,Female
TX501706,Jeans,5,71.3,356.5,4-Mar-25,7-Mar-25,F,Target.com,4,California,Fresno County,3,10,Female
TX501707,Sandals,2,166.2,332.4,4-Mar-25,5-Mar-25,M,App,5,California,Lake County,1,10,Male
TX501708,Jeans,1,81,81,4-Mar-25,5-Mar-25,F,Target.com,3,California,Los Angeles County,1,10,Female
TX501709,Bikinis,6,38.5,231,4-Mar-25,8-Mar-25,F,App,4,California,Los Angeles County,4,10,Female
TX501710,Jeans,1,86.1,86.1,4-Mar-25,6-Mar-25,F,Instagram,4,California,Los Angeles County,2,10,Female
TX501711,Sneakers,5,51,255,4-Mar-25,5-Mar-25,M,App,3,California,Los Angeles County,1,10,Male
TX501712,Workout Tops,5,115.4,577,4-Mar-25,5-Mar-25,M,App,4,California,Los Angeles County,1,10,Male
TX501713,Jeans,4,176.5,706,4-Mar-25,5-Mar-25,F,Target.com,5,California,Los Angeles County,1,10,Female
TX501714,Hoodies & Sweatshirts,3,48.9,146.7,4-Mar-25,5-Mar-25,M,Partner App,4,California,Los Angeles County,1,10,Male
TX501715,T-Shirts,3,18.1,54.3,4-Mar-25,11-Mar-25,F,Website,5,California,Mendocino County,7,10,Female
TX501716,Sneakers,2,118.5,237,4-Mar-25,7-Mar-25,M,Website,5,California,Napa County,3,10,Male
TX501717,Crop Tops,7,59.1,413.7,4-Mar-25,5-Mar-25,F,Instagram,4,California,Orange County,1,10,Female
TX501718,Graphic Tees,1,21.2,21.2,4-Mar-25,5-Mar-25,F,App,3,California,Sacramento County,1,10,Female
TX501719,Jeans,2,68.8,137.6,4-Mar-25,9-Mar-25,F,Instagram,5,California,Sacramento County,5,10,Female
TX501720,Jeans,2,65.4,130.8,4-Mar-25,8-Mar-25,F,App,4,California,Sacramento County,4,10,Female
TX501721,Casual Dresses,5,66.3,331.5,5-Mar-25,8-Mar-25,F,Partner App,4,California,Sacramento County,3,10,Female
TX501722,Jeans,3,97.5,292.5,5-Mar-25,5-Mar-25,M,Instagram,4,California,San Diego County,0,10,Male
TX501723,Tank Tops,2,44,88,5-Mar-25,8-Mar-25,F,Website,5,California,San Diego County,3,10,Female
TX501724,Shorts,1,21.9,21.9,5-Mar-25,6-Mar-25,M,App,4,California,San Diego County,1,10,Male
TX501725,Graphic Tees,7,21.5,150.5,5-Mar-25,7-Mar-25,F,Website,5,California,San Mateo County,2,10,Female
TX501726,Casual Dresses,6,133,798,5-Mar-25,6-Mar-25,O,App,5,California,Santa Barbara County,1,10,Other
TX501727,T-Shirts,2,47.7,95.4,5-Mar-25,9-Mar-25,M,App,5,California,Santa Barbara County,4,10,Male
TX501728,Sunglasses,3,58.1,174.3,5-Mar-25,6-Mar-25,F,App,4,California,Santa Clara County,1,10,Female
TX501729,Casual Dresses,4,66.6,266.4,5-Mar-25,6-Mar-25,,App,4,California,Santa Clara County,1,10,Unknown
TX501730,Sundresses,1,24.1,24.1,5-Mar-25,8-Mar-25,M,Target.com,3,California,Stanislaus County,3,10,Male
TX501731,Bikinis,5,51.5,257.5,5-Mar-25,10-Mar-25,F,App,4,California,Ventura County,5,10,Female
TX501732,Shorts,11,25.8,283.8,5-Mar-25,9-Mar-25,F,Instagram,2,California,Alameda County,4,10,Female
TX501733,Sundresses,4,47.7,190.8,5-Mar-25,5-Mar-25,F,App,3,California,Alameda County,0,10,Female
TX501734,Hoodies & Sweatshirts,5,73.6,368,5-Mar-25,9-Mar-25,M,Website,4,California,Alameda County,4,10,Male
TX501735,Sandals,7,91.2,638.4,5-Mar-25,6-Mar-25,M,Website,5,California,Alameda County,1,10,Male
TX501736,Tank Tops,8,36.2,289.6,5-Mar-25,5-Mar-25,M,Target.com,5,California,Contra Costa County,0,10,Male
TX501737,Sundresses,8,98,784,5-Mar-25,9-Mar-25,F,Target.com,4,California,Fresno County,4,10,Female
TX501738,Tank Tops,8,43.6,348.8,5-Mar-25,6-Mar-25,F,Target.com,4,California,Kern County,1,10,Female
TX501739,T-Shirts,10,37.8,378,5-Mar-25,5-Mar-25,O,App,4,California,Lake County,0,10,Other
TX501740,Pajama Sets,5,63.7,318.5,5-Mar-25,8-Mar-25,F,Target.com,3,California,Los Angeles County,3,10,Female
TX501741,Sandals,9,62.9,566.1,5-Mar-25,10-Mar-25,M,Instagram,5,California,Los Angeles County,5,10,Male
TX501742,Jeans,7,61.7,431.9,5-Mar-25,8-Mar-25,F,Target.com,5,California,Los Angeles County,3,10,Female
TX501743,Leggings,14,36.5,511,5-Mar-25,6-Mar-25,M,App,5,California,Los Angeles County,1,10,Male
TX501744,Maxi Dresses,3,98.6,295.8,5-Mar-25,8-Mar-25,O,App,2,California,Los Angeles County,3,10,Other
TX501745,T-Shirts,2,19.2,38.4,5-Mar-25,15-Mar-25,M,App,4,California,Los Angeles County,10,10,Male
TX501746,Workout Tops,6,55.6,333.6,5-Mar-25,9-Mar-25,F,App,5,California,Los Angeles County,4,10,Female
TX501747,Sandals,6,56.4,338.4,5-Mar-25,6-Mar-25,F,Website,4,California,Los Angeles County,1,10,Female
TX501748,Graphic Tees,8,43.1,344.8,5-Mar-25,9-Mar-25,F,Partner App,4,California,Los Angeles County,4,10,Female
TX501749,Tank Tops,2,77.3,154.6,5-Mar-25,7-Mar-25,M,App,4,California,Sacramento County,2,10,Male
TX501750,Sundresses,8,38.3,306.4,5-Mar-25,6-Mar-25,M,App,4,California,San Bernardino County,1,10,Male
TX501751,Shorts,7,16.8,117.6,5-Mar-25,8-Mar-25,M,Target.com,3,California,San Diego County,3,10,Male
TX501752,Sneakers,3,63.2,189.6,5-Mar-25,6-Mar-25,F,App,5,California,San Diego County,1,10,Female
TX501753,Baseball Caps,23,39.7,913.1,5-Mar-25,6-Mar-25,M,App,4,California,San Diego County,1,10,Male
TX501754,Bikinis,3,45.8,137.4,5-Mar-25,6-Mar-25,F,Website,5,California,San Diego County,1,10,Female
TX501755,Shorts,6,12.4,74.4,5-Mar-25,8-Mar-25,M,App,4,California,San Diego County,3,10,Male
TX501756,Baseball Caps,3,50.8,152.4,6-Mar-25,6-Mar-25,F,Partner App,4,California,San Francisco,0,10,Female
TX501757,Sundresses,1,76,76,6-Mar-25,10-Mar-25,O,Target.com,5,California,San Francisco,4,10,Other
TX501758,Tank Tops,2,51.9,103.8,6-Mar-25,7-Mar-25,M,Website,5,California,San Joaquin County,1,10,Male
TX501759,Sneakers,2,93.4,186.8,6-Mar-25,13-Mar-25,M,App,1,California,Santa Clara County,7,10,Male
TX501760,Hoodies & Sweatshirts,6,30.8,184.8,6-Mar-25,9-Mar-25,F,Website,4,California,Santa Clara County,3,10,Female
TX501761,Sneakers,1,143.2,143.2,6-Mar-25,9-Mar-25,M,Target.com,4,California,Santa Clara County,3,10,Male
TX501762,Jeans,11,40.4,444.4,6-Mar-25,8-Mar-25,M,Target.com,5,California,Sonoma County,2,10,Male
TX501763,Sneakers,19,131.5,2498.5,6-Mar-25,8-Mar-25,M,Website,3,California,Sonoma County,2,10,Male
TX501764,Leggings,7,61.6,431.2,6-Mar-25,7-Mar-25,M,Target.com,4,California,Alameda County,1,10,Male
TX501765,Sundresses,5,32.7,163.5,6-Mar-25,8-Mar-25,M,Target.com,4,California,Contra Costa County,2,10,Male
TX501766,Shorts,10,13.7,137,6-Mar-25,7-Mar-25,M,App,5,California,Los Angeles County,1,10,Male
TX501767,Shorts,4,32.1,128.4,6-Mar-25,7-Mar-25,M,Partner App,3,California,Los Angeles County,1,10,Male
TX501768,Baseball Caps,8,12,96,6-Mar-25,7-Mar-25,M,Website,4,California,Merced County,1,10,Male
TX501769,Casual Dresses,1,64.3,64.3,6-Mar-25,8-Mar-25,F,Target.com,5,California,Sacramento County,2,10,Female
TX501770,Tank Tops,3,58.2,174.6,6-Mar-25,8-Mar-25,F,Website,5,California,Sacramento County,2,10,Female
TX501771,Jeans,4,59.2,236.8,6-Mar-25,6-Mar-25,M,Website,5,California,Sacramento County,0,10,Male
TX501772,Bikinis,11,35.6,391.6,6-Mar-25,13-Mar-25,M,App,5,California,San Diego County,7,10,Male
TX501773,Sunglasses,8,37,296,6-Mar-25,10-Mar-25,F,Target.com,3,California,San Diego County,4,10,Female
TX501774,Tank Tops,13,80.8,1050.4,6-Mar-25,8-Mar-25,F,App,4,California,San Diego County,2,10,Female
TX501775,T-Shirts,2,63.2,126.4,6-Mar-25,7-Mar-25,M,App,3,California,San Diego County,1,10,Male
TX501776,Workout Tops,2,40.8,81.6,6-Mar-25,8-Mar-25,M,App,3,California,San Francisco,2,10,Male
TX501777,Tote Bags,6,25.7,154.2,6-Mar-25,8-Mar-25,M,Partner App,4,California,Sonoma County,2,10,Male
TX501778,Sunglasses,2,49.9,99.8,6-Mar-25,9-Mar-25,M,App,4,California,Tulare County,3,10,Male
TX501779,T-Shirts,2,20.2,40.4,6-Mar-25,8-Mar-25,F,Instagram,4,California,Alameda County,2,10,Female
TX501780,Jeans,3,48.4,145.2,6-Mar-25,11-Mar-25,F,App,5,California,Alameda County,5,10,Female
TX501781,Jeans,2,81,162,6-Mar-25,7-Mar-25,F,Website,5,California,Alameda County,1,10,Female
TX501782,T-Shirts,6,19.9,119.4,6-Mar-25,9-Mar-25,F,App,3,California,Kern County,3,10,Female
TX501783,Graphic Tees,4,32.2,128.8,6-Mar-25,16-Mar-25,M,App,4,California,Kern County,10,10,Male
TX501784,Sandals,3,76.8,230.4,6-Mar-25,7-Mar-25,F,App,3,California,Los Angeles County,1,10,Female
TX501785,Jeans,2,41.9,83.8,6-Mar-25,8-Mar-25,F,App,4,California,Los Angeles County,2,10,Female
TX501786,Shorts,7,34,238,6-Mar-25,8-Mar-25,F,Website,5,California,Los Angeles County,2,10,Female
TX501787,Hoodies & Sweatshirts,7,61.3,429.1,6-Mar-25,6-Mar-25,F,Partner App,5,California,Los Angeles County,0,10,Female
TX501788,Sundresses,1,54.7,54.7,7-Mar-25,8-Mar-25,M,App,3,California,Los Angeles County,1,10,Male
TX501789,Jeans,10,84.7,847,7-Mar-25,11-Mar-25,F,App,4,California,Los Angeles County,4,10,Female
TX501790,Tank Tops,3,93.4,280.2,7-Mar-25,11-Mar-25,F,Instagram,4,California,Los Angeles County,4,10,Female
TX501791,T-Shirts,5,27,135,7-Mar-25,10-Mar-25,M,App,3,California,Los Angeles County,3,10,Male
TX501792,Shorts,4,10.9,43.6,7-Mar-25,8-Mar-25,M,Target.com,4,California,Los Angeles County,1,10,Male
TX501793,Sunglasses,3,48,144,7-Mar-25,12-Mar-25,F,Partner App,4,California,Los Angeles County,5,10,Female
TX501794,Sandals,2,67.9,135.8,7-Mar-25,8-Mar-25,M,App,5,California,Riverside County,1,10,Male
TX501795,Graphic Tees,3,36,108,7-Mar-25,8-Mar-25,M,Website,4,California,Sacramento County,1,10,Male
TX501796,Sneakers,1,128.8,128.8,7-Mar-25,8-Mar-25,M,Partner App,5,California,Sacramento County,1,10,Male
TX501797,Leggings,7,33.3,233.1,7-Mar-25,8-Mar-25,F,Instagram,4,California,San Diego County,1,10,Female
TX501798,Bikinis,3,37.8,113.4,7-Mar-25,9-Mar-25,M,Website,5,California,San Diego County,2,10,Male
TX501799,Sandals,3,26,78,7-Mar-25,12-Mar-25,F,App,4,California,San Diego County,5,10,Female
TX501800,T-Shirts,19,28.3,537.7,7-Mar-25,8-Mar-25,F,Instagram,2,California,San Diego County,1,10,Female
TX501801,T-Shirts,4,31.3,125.2,7-Mar-25,7-Mar-25,F,App,4,California,San Diego County,0,10,Female
TX501802,Hoodies & Sweatshirts,3,69.5,208.5,7-Mar-25,8-Mar-25,F,Instagram,5,California,San Diego County,1,10,Female
TX501803,Shorts,2,16.7,33.4,7-Mar-25,8-Mar-25,F,Instagram,3,California,San Diego County,1,10,Female
TX501804,Sundresses,2,62.6,125.2,7-Mar-25,8-Mar-25,M,Target.com,5,California,San Mateo County,1,10,Male
TX501805,Hoodies & Sweatshirts,1,81.2,81.2,7-Mar-25,13-Mar-25,M,Partner App,2,California,San Mateo County,6,10,Male
TX501806,Shorts,10,12.7,127,7-Mar-25,8-Mar-25,F,App,5,California,San Mateo County,1,10,Female
TX501807,Hoodies & Sweatshirts,4,77.7,310.8,8-Mar-25,12-Mar-25,M,Website,4,California,Santa Clara County,4,10,Male
TX501808,Sandals,2,37.3,74.6,8-Mar-25,9-Mar-25,F,App,5,California,Sonoma County,1,10,Female
TX501809,Bikinis,4,35.6,142.4,8-Mar-25,10-Mar-25,F,Website,3,California,Stanislaus County,2,10,Female
TX501810,Sneakers,3,95,285,8-Mar-25,12-Mar-25,F,Target.com,5,California,Yuba County,4,10,Female
TX501811,Sneakers,4,172.1,688.4,8-Mar-25,12-Mar-25,O,Target.com,5,California,Alameda County,4,10,Other
TX501812,Sneakers,2,233,466,8-Mar-25,11-Mar-25,F,Website,4,California,Alameda County,3,10,Female
TX501813,Shorts,1,43.5,43.5,8-Mar-25,9-Mar-25,F,Target.com,5,California,Alameda County,1,10,Female
TX501814,Sundresses,2,47.8,95.6,8-Mar-25,11-Mar-25,M,Partner App,5,California,Contra Costa County,3,10,Male
TX501815,Casual Dresses,2,65.8,131.6,8-Mar-25,10-Mar-25,F,App,1,California,Imperial County,2,10,Female
TX501816,Crop Tops,11,38.7,425.7,8-Mar-25,8-Mar-25,M,App,4,California,Kern County,0,10,Male
TX501817,Workout Tops,4,55.7,222.8,8-Mar-25,10-Mar-25,O,App,3,California,Kern County,2,10,Other
TX501818,Hoodies & Sweatshirts,2,102.4,204.8,8-Mar-25,8-Mar-25,F,Website,4,California,Los Angeles County,0,10,Female
TX501819,Tank Tops,1,92,92,8-Mar-25,12-Mar-25,,Target.com,4,California,Los Angeles County,4,10,Unknown
TX501820,Jeans,4,75.9,303.6,8-Mar-25,10-Mar-25,F,Website,4,California,Los Angeles County,2,10,Female
TX501821,Tank Tops,4,36.2,144.8,8-Mar-25,9-Mar-25,F,Website,4,California,Los Angeles County,1,10,Female
TX501822,Jeans,87,83.5,7264.5,8-Mar-25,10-Mar-25,,Instagram,4,California,Los Angeles County,2,10,Unknown
TX501823,Jewelry,12,52.4,628.8,8-Mar-25,8-Mar-25,M,Target.com,4,California,Los Angeles County,0,10,Male
TX501824,Casual Dresses,3,69.5,208.5,8-Mar-25,9-Mar-25,O,Partner App,4,California,Los Angeles County,1,10,Other
TX501825,Shorts,1,15.5,15.5,8-Mar-25,10-Mar-25,M,App,4,California,Los Angeles County,2,10,Male
TX501826,Graphic Tees,4,35.2,140.8,8-Mar-25,9-Mar-25,F,Target.com,5,California,Los Angeles County,1,10,Female
TX501827,T-Shirts,6,34.6,207.6,8-Mar-25,9-Mar-25,,App,3,California,Los Angeles County,1,10,Unknown
TX501828,Graphic Tees,1,21.3,21.3,9-Mar-25,10-Mar-25,M,Target.com,3,California,Los Angeles County,1,11,Male
TX501829,Jeans,2,136.5,273,9-Mar-25,15-Mar-25,F,App,4,California,Madera County,6,11,Female
TX501830,Sundresses,7,30.7,214.9,9-Mar-25,10-Mar-25,M,Target.com,5,California,Orange County,1,11,Male
TX501831,Tank Tops,2,61.6,123.2,9-Mar-25,10-Mar-25,F,Target.com,5,California,Riverside County,1,11,Female
TX501832,Jeans,4,54.3,217.2,9-Mar-25,11-Mar-25,,Partner App,4,California,San Bernardino County,2,11,Unknown
TX501833,Tank Tops,2,44.1,88.2,9-Mar-25,21-Mar-25,F,App,5,California,San Diego County,12,11,Female
TX501834,T-Shirts,4,43.5,174,9-Mar-25,15-Mar-25,M,Instagram,4,California,San Diego County,6,11,Male
TX501835,T-Shirts,3,48.2,144.6,9-Mar-25,13-Mar-25,M,Instagram,3,California,San Diego County,4,11,Male
TX501836,Jewelry,1,13.7,13.7,9-Mar-25,10-Mar-25,F,Target.com,5,California,San Diego County,1,11,Female
TX501837,Sneakers,2,110.5,221,9-Mar-25,10-Mar-25,F,App,3,California,San Diego County,1,11,Female
TX501838,T-Shirts,3,26,78,9-Mar-25,14-Mar-25,F,Website,3,California,San Diego County,5,11,Female
TX501839,Sneakers,10,140.7,1407,9-Mar-25,15-Mar-25,M,Instagram,3,California,San Diego County,6,11,Male
TX501840,Pajama Sets,2,41.7,83.4,9-Mar-25,17-Mar-25,F,App,2,California,San Diego County,8,11,Female
TX501841,Sneakers,2,135.1,270.2,9-Mar-25,10-Mar-25,M,App,5,California,San Francisco,1,11,Male
TX501842,Casual Dresses,22,95.5,2101,9-Mar-25,10-Mar-25,F,Partner App,2,California,San Joaquin County,1,11,Female
TX501843,Crop Tops,1,25.5,25.5,9-Mar-25,12-Mar-25,,Target.com,5,California,Santa Clara County,3,11,Unknown
TX501844,Tank Tops,1,42.6,42.6,9-Mar-25,13-Mar-25,F,App,4,California,Santa Clara County,4,11,Female
TX501845,T-Shirts,15,32.4,486,9-Mar-25,10-Mar-25,M,Website,3,California,Santa Clara County,1,11,Male
TX501846,Graphic Tees,4,20.2,80.8,9-Mar-25,10-Mar-25,O,Target.com,4,California,Santa Clara County,1,11,Other
TX501847,Sunglasses,3,52.5,157.5,9-Mar-25,14-Mar-25,F,Partner App,4,California,Sonoma County,5,11,Female
TX501848,Sneakers,5,59.9,299.5,9-Mar-25,11-Mar-25,F,Target.com,4,California,Stanislaus County,2,11,Female
TX501849,Graphic Tees,2,53.2,106.4,9-Mar-25,10-Mar-25,F,Website,1,California,Tulare County,1,11,Female
TX501850,Sneakers,2,60,120,9-Mar-25,15-Mar-25,M,Website,5,California,Tulare County,6,11,Male
TX501851,T-Shirts,3,29.3,87.9,9-Mar-25,10-Mar-25,F,Partner App,4,California,Ventura County,1,11,Female
TX501852,Casual Dresses,2,55.4,110.8,9-Mar-25,10-Mar-25,F,App,5,California,Alameda County,1,11,Female
TX501853,Shorts,5,20.1,100.5,9-Mar-25,11-Mar-25,F,Website,5,California,Alameda County,2,11,Female
TX501854,Baseball Caps,5,24,120,9-Mar-25,12-Mar-25,M,Target.com,4,California,Contra Costa County,3,11,Male
TX501855,T-Shirts,2,30.6,61.2,10-Mar-25,12-Mar-25,F,App,4,California,Contra Costa County,2,11,Female
TX501856,Bikinis,5,33,165,10-Mar-25,11-Mar-25,M,Website,3,California,Glenn County,1,11,Male
TX501857,Pajama Sets,9,42.1,378.9,10-Mar-25,16-Mar-25,F,Target.com,4,California,Humboldt County,6,11,Female
TX501858,Jeans,7,77.7,543.9,10-Mar-25,15-Mar-25,F,Website,5,California,Lake County,5,11,Female
TX501859,Pajama Sets,6,22.7,136.2,10-Mar-25,13-Mar-25,F,Target.com,4,California,Los Angeles County,3,11,Female
TX501860,Sneakers,2,133,266,10-Mar-25,10-Mar-25,M,Target.com,5,California,Los Angeles County,0,11,Male
TX501861,Shorts,2,23.3,46.6,10-Mar-25,11-Mar-25,M,Website,5,California,Los Angeles County,1,11,Male
TX501862,T-Shirts,3,20.7,62.1,10-Mar-25,12-Mar-25,O,App,5,California,Los Angeles County,2,11,Other
TX501863,Casual Dresses,2,47,94,10-Mar-25,11-Mar-25,M,Website,5,California,Los Angeles County,1,11,Male
TX501864,Casual Dresses,3,38.2,114.6,10-Mar-25,12-Mar-25,F,Target.com,2,California,Los Angeles County,2,11,Female
TX501865,Sundresses,1,39.1,39.1,10-Mar-25,12-Mar-25,F,App,4,California,Los Angeles County,2,11,Female
TX501866,Hoodies & Sweatshirts,25,55.6,1390,10-Mar-25,12-Mar-25,M,App,5,California,Los Angeles County,2,11,Male
TX501867,Crop Tops,1,43.1,43.1,10-Mar-25,10-Mar-25,O,Website,5,California,Los Angeles County,0,11,Other
TX501868,Jeans,4,48.1,192.4,10-Mar-25,11-Mar-25,F,Partner App,5,California,Los Angeles County,1,11,Female
TX501869,Graphic Tees,1,42,42,10-Mar-25,11-Mar-25,O,App,4,California,Los Angeles County,1,11,Other
TX501870,T-Shirts,5,18.3,91.5,10-Mar-25,10-Mar-25,F,Target.com,4,California,Los Angeles County,0,11,Female
TX501871,Bikinis,4,45.3,181.2,10-Mar-25,13-Mar-25,F,App,5,California,Los Angeles County,3,11,Female
TX501872,Shorts,2,27.6,55.2,10-Mar-25,12-Mar-25,M,App,5,California,Madera County,2,11,Male
TX501873,Graphic Tees,5,26.9,134.5,10-Mar-25,11-Mar-25,F,Target.com,4,California,Orange County,1,11,Female
TX501874,Sneakers,9,82.4,741.6,10-Mar-25,12-Mar-25,O,Target.com,4,California,Placer County,2,11,Other
TX501875,Jeans,1,103.7,103.7,10-Mar-25,12-Mar-25,F,Website,4,California,Placer County,2,11,Female
TX501876,Sneakers,2,58.8,117.6,10-Mar-25,15-Mar-25,F,Website,5,California,Sacramento County,5,11,Female
TX501877,Tote Bags,1,31.5,31.5,10-Mar-25,11-Mar-25,F,Website,3,California,Sacramento County,1,11,Female
TX501878,Hoodies & Sweatshirts,5,36.8,184,10-Mar-25,12-Mar-25,F,App,4,California,San Diego County,2,11,Female
TX501879,Workout Tops,1,84.4,84.4,10-Mar-25,11-Mar-25,F,App,4,California,San Diego County,1,11,Female
TX501880,Baseball Caps,1,44.7,44.7,10-Mar-25,11-Mar-25,M,App,3,California,San Diego County,1,11,Male
TX501881,Sundresses,8,39.4,315.2,10-Mar-25,11-Mar-25,F,Website,5,California,San Diego County,1,11,Female
TX501882,Maxi Dresses,4,34.9,139.6,10-Mar-25,12-Mar-25,F,App,5,California,San Diego County,2,11,Female
TX501883,Tank Tops,3,62.3,186.9,10-Mar-25,12-Mar-25,M,Partner App,5,California,San Diego County,2,11,Male
TX501884,T-Shirts,4,21.1,84.4,10-Mar-25,13-Mar-25,M,Instagram,4,California,San Diego County,3,11,Male
TX501885,T-Shirts,3,33.2,99.6,10-Mar-25,24-Mar-25,,App,2,California,San Diego County,14,11,Unknown
TX501886,Tank Tops,4,74.5,298,10-Mar-25,11-Mar-25,M,Partner App,4,California,San Diego County,1,11,Male
TX501887,Bikinis,12,68.6,823.2,10-Mar-25,13-Mar-25,F,App,5,California,San Diego County,3,11,Female
TX501888,Sandals,14,36.4,509.6,10-Mar-25,12-Mar-25,F,App,3,California,San Mateo County,2,11,Female
TX501889,Sunglasses,5,67.6,338,11-Mar-25,14-Mar-25,F,Partner App,3,California,San Mateo County,3,11,Female
TX501890,Crop Tops,1,46.3,46.3,11-Mar-25,12-Mar-25,M,Target.com,4,California,San Mateo County,1,11,Male
TX501891,Tank Tops,3,124.2,372.6,11-Mar-25,13-Mar-25,F,Website,5,California,Santa Clara County,2,11,Female
TX501892,Bikinis,2,37,74,11-Mar-25,17-Mar-25,M,App,4,California,Santa Clara County,6,11,Male
TX501893,Sandals,1,41.8,41.8,11-Mar-25,12-Mar-25,M,Target.com,4,California,Sutter County,1,11,Male
TX501894,Sundresses,2,57.2,114.4,11-Mar-25,13-Mar-25,M,Target.com,3,California,Tulare County,2,11,Male
TX501895,Jeans,2,47.1,94.2,11-Mar-25,13-Mar-25,F,App,2,California,Tulare County,2,11,Female
TX501896,Sandals,3,86.4,259.2,11-Mar-25,12-Mar-25,M,Target.com,3,California,Tuolumne County,1,11,Male
TX501897,Jeans,5,105,525,11-Mar-25,14-Mar-25,M,App,4,California,Ventura County,3,11,Male
TX501898,Leggings,1,33,33,11-Mar-25,14-Mar-25,M,Partner App,4,California,Alameda County,3,11,Male
TX501899,Jeans,5,106.6,533,11-Mar-25,24-Mar-25,F,Target.com,4,California,Contra Costa County,13,11,Female
TX501900,Bikinis,32,26.8,857.6,11-Mar-25,12-Mar-25,F,Target.com,4,California,Contra Costa County,1,11,Female
TX501901,Pajama Sets,5,25.8,129,11-Mar-25,11-Mar-25,F,Website,5,California,Los Angeles County,0,11,Female
TX501902,Sneakers,3,217,651,11-Mar-25,12-Mar-25,F,Website,3,California,Los Angeles County,1,11,Female
TX501903,Sneakers,2,97.3,194.6,11-Mar-25,12-Mar-25,M,Target.com,2,California,Los Angeles County,1,11,Male
TX501904,Tank Tops,1,49.8,49.8,11-Mar-25,12-Mar-25,F,App,4,California,Los Angeles County,1,11,Female
TX501905,Casual Dresses,5,32.6,163,11-Mar-25,12-Mar-25,F,App,4,California,Los Angeles County,1,11,Female
TX501906,Sundresses,2,40.1,80.2,11-Mar-25,14-Mar-25,M,Website,5,California,Los Angeles County,3,11,Male
TX501907,Bikinis,2,49.4,98.8,11-Mar-25,13-Mar-25,M,Website,4,California,Los Angeles County,2,11,Male
TX501908,Sneakers,1,67.3,67.3,11-Mar-25,12-Mar-25,F,App,5,California,Los Angeles County,1,11,Female
TX501909,Leggings,4,44.5,178,11-Mar-25,14-Mar-25,,Website,4,California,Los Angeles County,3,11,Unknown
TX501910,Jeans,11,111.1,1222.1,11-Mar-25,12-Mar-25,F,Partner App,4,California,Los Angeles County,1,11,Female
TX501911,T-Shirts,3,19.7,59.1,11-Mar-25,12-Mar-25,F,Partner App,2,California,Los Angeles County,1,11,Female
TX501912,Tank Tops,1,40.3,40.3,11-Mar-25,12-Mar-25,O,Website,4,California,Los Angeles County,1,11,Other
TX501913,Jeans,2,108.8,217.6,11-Mar-25,16-Mar-25,M,App,5,California,Sacramento County,5,11,Male
TX501914,T-Shirts,3,48.2,144.6,11-Mar-25,16-Mar-25,F,Partner App,4,California,San Bernardino County,5,11,Female
TX501915,Sneakers,3,104.7,314.1,11-Mar-25,13-Mar-25,F,App,3,California,San Bernardino County,2,11,Female
TX501916,Tank Tops,2,80.6,161.2,11-Mar-25,11-Mar-25,F,Website,4,California,San Diego County,0,11,Female
TX501917,Jeans,1,65.5,65.5,11-Mar-25,13-Mar-25,O,Website,4,California,San Diego County,2,11,Other
TX501918,Sundresses,3,61.4,184.2,11-Mar-25,13-Mar-25,F,Partner App,5,California,San Diego County,2,11,Female
TX501919,Shorts,1,12.5,12.5,12-Mar-25,15-Mar-25,F,App,3,California,San Diego County,3,11,Female
TX501920,Graphic Tees,4,35.1,140.4,12-Mar-25,13-Mar-25,M,Target.com,3,California,San Francisco,1,11,Male
TX501921,Sandals,2,55.7,111.4,12-Mar-25,13-Mar-25,M,App,3,California,San Joaquin County,1,11,Male
TX501922,Hoodies & Sweatshirts,2,57.7,115.4,12-Mar-25,14-Mar-25,M,Partner App,3,California,San Mateo County,2,11,Male
TX501923,Sneakers,6,85.7,514.2,12-Mar-25,13-Mar-25,M,Instagram,5,California,San Mateo County,1,11,Male
TX501924,Sneakers,3,86.9,260.7,12-Mar-25,14-Mar-25,F,Website,4,California,Santa Clara County,2,11,Female
TX501925,Leggings,2,46.4,92.8,12-Mar-25,15-Mar-25,F,Partner App,4,California,Santa Clara County,3,11,Female
TX501926,Sandals,3,25.4,76.2,12-Mar-25,12-Mar-25,F,Target.com,5,California,Sonoma County,0,11,Female
TX501927,Bikinis,3,47.8,143.4,12-Mar-25,12-Mar-25,,Target.com,5,California,Stanislaus County,0,11,Unknown
TX501928,T-Shirts,19,18.4,349.6,12-Mar-25,14-Mar-25,O,Target.com,4,California,Tulare County,2,11,Other
TX501929,Casual Dresses,3,65.5,196.5,12-Mar-25,20-Mar-25,F,App,4,California,Alameda County,8,11,Female
TX501930,Bikinis,2,50.6,101.2,12-Mar-25,15-Mar-25,M,Target.com,2,California,Alameda County,3,11,Male
TX501931,Workout Tops,5,69,345,12-Mar-25,16-Mar-25,M,Instagram,4,California,Alameda County,4,11,Male
TX501932,Sundresses,8,51.1,408.8,12-Mar-25,14-Mar-25,F,App,4,California,Contra Costa County,2,11,Female
TX501933,Sundresses,1,36.1,36.1,12-Mar-25,13-Mar-25,F,App,5,California,Kings County,1,11,Female
TX501934,Baseball Caps,1,18.7,18.7,12-Mar-25,13-Mar-25,M,App,4,California,Los Angeles County,1,11,Male
TX501935,Pajama Sets,1,30.1,30.1,12-Mar-25,15-Mar-25,F,Instagram,3,California,Los Angeles County,3,11,Female
TX501936,T-Shirts,1,16.3,16.3,12-Mar-25,13-Mar-25,M,Instagram,4,California,Los Angeles County,1,11,Male
TX501937,Tank Tops,3,63.8,191.4,12-Mar-25,17-Mar-25,F,Target.com,3,California,Los Angeles County,5,11,Female
TX501938,Tank Tops,7,73.9,517.3,12-Mar-25,12-Mar-25,F,App,3,California,Los Angeles County,0,11,Female
TX501939,Shorts,2,20.2,40.4,12-Mar-25,13-Mar-25,M,App,3,California,Los Angeles County,1,11,Male
TX501940,Maxi Dresses,11,29.5,324.5,12-Mar-25,13-Mar-25,M,App,4,California,Los Angeles County,1,11,Male
TX501941,Crop Tops,7,37.9,265.3,12-Mar-25,13-Mar-25,M,Website,4,California,Los Angeles County,1,11,Male
TX501942,Sneakers,1,56.5,56.5,12-Mar-25,13-Mar-25,F,Target.com,3,California,Los Angeles County,1,11,Female
TX501943,Sneakers,2,66.9,133.8,12-Mar-25,18-Mar-25,M,Website,2,California,Orange County,6,11,Male
TX501944,Sneakers,5,51.9,259.5,12-Mar-25,15-Mar-25,M,Website,4,California,San Bernardino County,3,11,Male
TX501945,Sneakers,2,75.6,151.2,12-Mar-25,15-Mar-25,M,Website,4,California,San Diego County,3,11,Male
TX501946,Casual Dresses,6,47.3,283.8,12-Mar-25,23-Mar-25,M,App,4,California,San Diego County,11,11,Male
TX501947,Graphic Tees,1,20.6,20.6,12-Mar-25,13-Mar-25,,App,3,California,San Diego County,1,11,Unknown
TX501948,Jeans,3,49.7,149.1,12-Mar-25,14-Mar-25,M,App,3,California,San Diego County,2,11,Male
TX501949,Workout Tops,1,37.9,37.9,12-Mar-25,14-Mar-25,F,App,4,California,San Diego County,2,11,Female
TX501950,Tote Bags,15,32,480,12-Mar-25,14-Mar-25,F,Partner App,4,California,Santa Clara County,2,11,Female
TX501951,Bikinis,18,38.5,693,13-Mar-25,14-Mar-25,M,App,5,California,Santa Clara County,1,11,Male
TX501952,Shorts,4,11.7,46.8,13-Mar-25,15-Mar-25,F,Website,4,California,Tulare County,2,11,Female
TX501953,Workout Tops,6,83.8,502.8,13-Mar-25,14-Mar-25,M,App,4,California,Alameda County,1,11,Male
TX501954,Shorts,7,14,98,13-Mar-25,16-Mar-25,M,App,3,California,Kern County,3,11,Male
TX501955,Sunglasses,4,77.3,309.2,13-Mar-25,15-Mar-25,F,Partner App,5,California,Los Angeles County,2,11,Female
TX501956,Sneakers,2,76.9,153.8,13-Mar-25,17-Mar-25,F,App,3,California,Los Angeles County,4,11,Female
TX501957,Tank Tops,1,48,48,13-Mar-25,15-Mar-25,F,Website,5,California,Los Angeles County,2,11,Female
TX501958,Sneakers,1,94.5,94.5,13-Mar-25,16-Mar-25,M,Website,3,California,Los Angeles County,3,11,Male
TX501959,Bikinis,3,58.4,175.2,13-Mar-25,15-Mar-25,F,Website,5,California,Los Angeles County,2,11,Female
TX501960,Hoodies & Sweatshirts,13,42.2,548.6,13-Mar-25,13-Mar-25,M,App,4,California,Orange County,0,11,Male
TX501961,Jeans,2,152.2,304.4,13-Mar-25,14-Mar-25,M,Partner App,3,California,Orange County,1,11,Male
TX501962,Jeans,24,72,1728,13-Mar-25,14-Mar-25,M,App,3,California,Sacramento County,1,11,Male
TX501963,Tank Tops,23,70.9,1630.7,13-Mar-25,14-Mar-25,F,Target.com,4,California,San Diego County,1,11,Female
TX501964,Sneakers,2,53.7,107.4,13-Mar-25,14-Mar-25,M,Target.com,5,California,San Diego County,1,11,Male
TX501965,Sundresses,4,42.9,171.6,13-Mar-25,14-Mar-25,F,Target.com,2,California,San Mateo County,1,11,Female
TX501966,Sneakers,7,107.5,752.5,13-Mar-25,14-Mar-25,M,Website,4,California,Santa Clara County,1,11,Male
TX501967,Pajama Sets,16,21.5,344,13-Mar-25,14-Mar-25,M,Website,3,California,Santa Cruz County,1,11,Male
TX501968,Workout Tops,5,85.3,426.5,13-Mar-25,15-Mar-25,F,Instagram,4,California,Sonoma County,2,11,Female
TX501969,Hoodies & Sweatshirts,5,80.8,404,13-Mar-25,21-Mar-25,O,Website,3,California,Stanislaus County,8,11,Other
TX501970,Sneakers,3,123.1,369.3,13-Mar-25,15-Mar-25,,Target.com,4,California,Alameda County,2,11,Unknown
TX501971,T-Shirts,2,36.9,73.8,13-Mar-25,15-Mar-25,F,Target.com,2,California,Butte County,2,11,Female
TX501972,Maxi Dresses,5,40,200,13-Mar-25,14-Mar-25,M,App,4,California,Contra Costa County,1,11,Male
TX501973,Jeans,3,55.5,166.5,13-Mar-25,14-Mar-25,M,Partner App,5,California,Contra Costa County,1,11,Male
TX501974,Shorts,4,20.5,82,13-Mar-25,17-Mar-25,F,Partner App,4,California,Contra Costa County,4,11,Female
TX501975,Leggings,4,50.1,200.4,13-Mar-25,14-Mar-25,F,Partner App,4,California,Contra Costa County,1,11,Female
TX501976,Sundresses,1,35.9,35.9,13-Mar-25,15-Mar-25,M,Website,5,California,Contra Costa County,2,11,Male
TX501977,Tote Bags,4,29.4,117.6,14-Mar-25,15-Mar-25,M,Target.com,5,California,Imperial County,1,11,Male
TX501978,T-Shirts,5,29.1,145.5,14-Mar-25,22-Mar-25,O,Target.com,3,California,Imperial County,8,11,Other
TX501979,T-Shirts,3,33.5,100.5,14-Mar-25,26-Mar-25,M,App,5,California,Kern County,12,11,Male
TX501980,Graphic Tees,10,36,360,14-Mar-25,14-Mar-25,M,Instagram,5,California,Los Angeles County,0,11,Male
TX501981,Sunglasses,3,57.3,171.9,14-Mar-25,18-Mar-25,F,App,5,California,Los Angeles County,4,11,Female
TX501982,Tank Tops,1,81.4,81.4,14-Mar-25,15-Mar-25,F,Target.com,5,California,Los Angeles County,1,11,Female
TX501983,Bikinis,2,35.3,70.6,14-Mar-25,18-Mar-25,M,App,5,California,Los Angeles County,4,11,Male
TX501984,Workout Tops,1,36.1,36.1,14-Mar-25,15-Mar-25,F,Partner App,4,California,Los Angeles County,1,11,Female
TX501985,Tank Tops,2,36.7,73.4,14-Mar-25,16-Mar-25,F,App,5,California,Los Angeles County,2,11,Female
TX501986,Bikinis,1,20.9,20.9,14-Mar-25,16-Mar-25,F,App,2,California,Los Angeles County,2,11,Female
TX501987,Casual Dresses,3,58.8,176.4,14-Mar-25,18-Mar-25,M,App,5,California,Orange County,4,11,Male
TX501988,Sneakers,3,97.6,292.8,15-Mar-25,17-Mar-25,,App,4,California,Sacramento County,2,11,Unknown
TX501989,Tank Tops,2,58.7,117.4,15-Mar-25,18-Mar-25,F,App,3,California,Sacramento County,3,11,Female
TX501990,Jeans,5,71.9,359.5,15-Mar-25,16-Mar-25,,App,3,California,Sacramento County,1,11,Unknown
TX501991,Tank Tops,2,62.4,124.8,15-Mar-25,17-Mar-25,,App,3,California,San Diego County,2,11,Unknown
TX501992,Jeans,16,53.8,860.8,15-Mar-25,16-Mar-25,F,Website,4,California,San Diego County,1,11,Female
TX501993,Sundresses,1,43.8,43.8,15-Mar-25,22-Mar-25,F,App,5,California,San Diego County,7,11,Female
TX501994,Sandals,3,53.6,160.8,15-Mar-25,16-Mar-25,M,Instagram,4,California,San Diego County,1,11,Male
TX501995,Casual Dresses,2,84.3,168.6,15-Mar-25,18-Mar-25,M,Partner App,3,California,San Diego County,3,11,Male
TX501996,Jeans,9,117.9,1061.1,15-Mar-25,16-Mar-25,F,Website,5,California,San Diego County,1,11,Female
TX501997,Graphic Tees,8,30,240,15-Mar-25,16-Mar-25,F,Website,4,California,San Joaquin County,1,11,Female
TX501998,Baseball Caps,3,37.3,111.9,15-Mar-25,16-Mar-25,M,Target.com,4,California,San Mateo County,1,11,Male
TX501999,Graphic Tees,9,25.1,225.9,15-Mar-25,17-Mar-25,M,Website,5,California,Santa Clara County,2,11,Male
TX502000,T-Shirts,11,36,396,15-Mar-25,25-Mar-25,M,Website,4,California,Sonoma County,10,11,Male
TX502001,Sunglasses,3,48.5,145.5,15-Mar-25,19-Mar-25,F,Website,4,California,Stanislaus County,4,11,Female
TX502002,Pajama Sets,6,21.1,126.6,15-Mar-25,16-Mar-25,M,Website,5,California,Alameda County,1,11,Male
TX502003,Crop Tops,14,43.2,604.8,15-Mar-25,16-Mar-25,O,App,3,California,Alameda County,1,11,Other
TX502004,Sundresses,2,21.1,42.2,15-Mar-25,16-Mar-25,,Instagram,3,California,Alameda County,1,11,Unknown
TX502005,Jeans,4,41.3,165.2,15-Mar-25,17-Mar-25,F,Instagram,5,California,Contra Costa County,2,11,Female
TX502006,T-Shirts,2,15.3,30.6,15-Mar-25,18-Mar-25,,Target.com,5,California,Contra Costa County,3,11,Unknown
TX502007,Tank Tops,1,54.6,54.6,15-Mar-25,17-Mar-25,M,Website,3,California,Fresno County,2,11,Male
TX502008,T-Shirts,1,15.9,15.9,15-Mar-25,16-Mar-25,M,App,3,California,Kern County,1,11,Male
TX502009,Sundresses,1,50.2,50.2,15-Mar-25,17-Mar-25,F,Instagram,5,California,Kings County,2,11,Female
TX502010,Maxi Dresses,4,85.1,340.4,15-Mar-25,16-Mar-25,F,Instagram,2,California,Kings County,1,11,Female
TX502011,Maxi Dresses,2,41.4,82.8,15-Mar-25,16-Mar-25,F,App,5,California,Los Angeles County,1,11,Female
TX502012,Graphic Tees,7,32.7,228.9,15-Mar-25,16-Mar-25,F,Target.com,3,California,Los Angeles County,1,11,Female
TX502013,Graphic Tees,2,41.6,83.2,15-Mar-25,17-Mar-25,M,Partner App,3,California,Los Angeles County,2,11,Male
TX502014,Sandals,4,64.8,259.2,15-Mar-25,16-Mar-25,,Target.com,4,California,Los Angeles County,1,11,Unknown
TX502015,Crop Tops,2,33.6,67.2,15-Mar-25,16-Mar-25,M,App,5,California,Los Angeles County,1,11,Male
TX502016,Jeans,3,100.7,302.1,15-Mar-25,16-Mar-25,,Website,4,California,Los Angeles County,1,11,Unknown
TX502017,Graphic Tees,2,49.3,98.6,16-Mar-25,18-Mar-25,F,Partner App,5,California,Los Angeles County,2,12,Female
TX502018,Sneakers,6,97,582,16-Mar-25,19-Mar-25,M,Target.com,5,California,Los Angeles County,3,12,Male
TX502019,Shorts,6,25.2,151.2,16-Mar-25,19-Mar-25,F,Partner App,5,California,Los Angeles County,3,12,Female
TX502020,Shorts,11,12.2,134.2,16-Mar-25,17-Mar-25,,App,3,California,Los Angeles County,1,12,Unknown
TX502021,T-Shirts,7,38.8,271.6,16-Mar-25,18-Mar-25,F,Website,3,California,Riverside County,2,12,Female
TX502022,Sneakers,4,53.2,212.8,16-Mar-25,17-Mar-25,M,App,5,California,San Diego County,1,12,Male
TX502023,Jeans,7,151,1057,16-Mar-25,17-Mar-25,O,Website,3,California,San Diego County,1,12,Other
TX502024,Tank Tops,2,37.1,74.2,16-Mar-25,17-Mar-25,F,Partner App,4,California,San Diego County,1,12,Female
TX502025,Sandals,2,38.9,77.8,16-Mar-25,17-Mar-25,M,Partner App,4,California,San Diego County,1,12,Male
TX502026,Bikinis,2,35.2,70.4,16-Mar-25,17-Mar-25,M,App,5,California,San Francisco,1,12,Male
TX502027,Shorts,2,22.3,44.6,16-Mar-25,18-Mar-25,F,Website,4,California,San Mateo County,2,12,Female
TX502028,Sundresses,1,43.3,43.3,16-Mar-25,19-Mar-25,F,App,5,California,Santa Clara County,3,12,Female
TX502029,Jeans,6,75.9,455.4,16-Mar-25,22-Mar-25,M,App,4,California,Santa Clara County,6,12,Male
TX502030,Jeans,3,78.7,236.1,16-Mar-25,20-Mar-25,F,Target.com,3,California,Santa Clara County,4,12,Female
TX502031,Tank Tops,1,66.3,66.3,16-Mar-25,20-Mar-25,F,App,5,California,Stanislaus County,4,12,Female
TX502032,T-Shirts,2,33.6,67.2,16-Mar-25,16-Mar-25,M,App,3,California,Stanislaus County,0,12,Male
TX502033,Sneakers,7,61.4,429.8,16-Mar-25,17-Mar-25,M,Partner App,4,California,Stanislaus County,1,12,Male
TX502034,T-Shirts,2,17.5,35,16-Mar-25,19-Mar-25,F,App,4,California,Alameda County,3,12,Female
TX502035,T-Shirts,2,32.5,65,16-Mar-25,19-Mar-25,F,Website,4,California,Alameda County,3,12,Female
TX502036,Graphic Tees,1,34.6,34.6,16-Mar-25,17-Mar-25,F,Partner App,4,California,Alameda County,1,12,Female
TX502037,Sneakers,1,75.9,75.9,16-Mar-25,16-Mar-25,M,Website,5,California,Alameda County,0,12,Male
TX502038,Tank Tops,3,42.1,126.3,16-Mar-25,19-Mar-25,M,Website,3,California,Alameda County,3,12,Male
TX502039,Hoodies & Sweatshirts,3,65.3,195.9,16-Mar-25,23-Mar-25,M,App,4,California,Contra Costa County,7,12,Male
TX502040,Crop Tops,1,20.6,20.6,16-Mar-25,19-Mar-25,M,Instagram,4,California,El Dorado County,3,12,Male
TX502041,T-Shirts,7,16.5,115.5,16-Mar-25,17-Mar-25,M,Website,3,California,Fresno County,1,12,Male
TX502042,Sunglasses,10,36.2,362,16-Mar-25,18-Mar-25,M,App,5,California,Fresno County,2,12,Male
TX502043,Jeans,1,53.2,53.2,16-Mar-25,17-Mar-25,F,App,3,California,Kern County,1,12,Female
TX502044,Sneakers,14,176,2464,16-Mar-25,17-Mar-25,F,App,3,California,Los Angeles County,1,12,Female
TX502045,Tank Tops,1,52.4,52.4,16-Mar-25,17-Mar-25,M,Website,4,California,Los Angeles County,1,12,Male
TX502046,Bikinis,3,48.2,144.6,16-Mar-25,17-Mar-25,F,Website,5,California,Los Angeles County,1,12,Female
TX502047,Crop Tops,1,51.6,51.6,16-Mar-25,20-Mar-25,F,Target.com,3,California,Los Angeles County,4,12,Female
TX502048,Shorts,4,33.7,134.8,17-Mar-25,18-Mar-25,M,App,4,California,Los Angeles County,1,12,Male
TX502049,Graphic Tees,10,36.3,363,17-Mar-25,19-Mar-25,F,Partner App,3,California,Los Angeles County,2,12,Female
TX502050,T-Shirts,1,23.4,23.4,17-Mar-25,22-Mar-25,F,Website,5,California,Los Angeles County,5,12,Female
TX502051,Crop Tops,8,56.6,452.8,17-Mar-25,19-Mar-25,F,Website,4,California,Los Angeles County,2,12,Female
TX502052,Crop Tops,2,26.8,53.6,17-Mar-25,18-Mar-25,M,App,4,California,Nevada County,1,12,Male
TX502053,Shorts,3,11.3,33.9,17-Mar-25,19-Mar-25,M,Target.com,4,California,Orange County,2,12,Male
TX502054,Jeans,3,60.1,180.3,17-Mar-25,20-Mar-25,F,App,4,California,San Bernardino County,3,12,Female
TX502055,Shorts,11,27.7,304.7,17-Mar-25,22-Mar-25,F,App,4,California,San Diego County,5,12,Female
TX502056,Crop Tops,1,71.4,71.4,17-Mar-25,20-Mar-25,M,App,5,California,San Diego County,3,12,Male
TX502057,Sneakers,2,66.7,133.4,17-Mar-25,18-Mar-25,F,App,5,California,San Diego County,1,12,Female
TX502058,Tote Bags,5,39.1,195.5,17-Mar-25,18-Mar-25,F,App,4,California,San Diego County,1,12,Female
TX502059,T-Shirts,4,24.9,99.6,17-Mar-25,22-Mar-25,M,Website,5,California,San Diego County,5,12,Male
TX502060,Sandals,5,29.2,146,17-Mar-25,18-Mar-25,M,App,5,California,San Francisco,1,12,Male
TX502061,Tote Bags,14,28.3,396.2,17-Mar-25,19-Mar-25,F,Website,4,California,Santa Clara County,2,12,Female
TX502062,Sundresses,3,37.8,113.4,17-Mar-25,18-Mar-25,F,App,3,California,Santa Clara County,1,12,Female
TX502063,Baseball Caps,7,28.1,196.7,17-Mar-25,23-Mar-25,F,Target.com,4,California,Santa Clara County,6,12,Female
TX502064,Tank Tops,3,59.7,179.1,17-Mar-25,19-Mar-25,F,Target.com,4,California,Santa Clara County,2,12,Female
TX502065,Sunglasses,1,71.9,71.9,17-Mar-25,18-Mar-25,M,Website,3,California,Santa Clara County,1,12,Male
TX502066,Tank Tops,2,56.9,113.8,17-Mar-25,18-Mar-25,M,Target.com,4,California,Ventura County,1,12,Male
TX502067,T-Shirts,2,15.8,31.6,17-Mar-25,20-Mar-25,F,Target.com,3,California,Contra Costa County,3,12,Female
TX502068,Maxi Dresses,4,61.7,246.8,17-Mar-25,19-Mar-25,F,Target.com,4,California,Kern County,2,12,Female
TX502069,Sneakers,10,105.2,1052,17-Mar-25,19-Mar-25,M,Website,2,California,Los Angeles County,2,12,Male
TX502070,Shorts,2,17,34,17-Mar-25,19-Mar-25,F,Target.com,4,California,Los Angeles County,2,12,Female
TX502071,Jeans,3,84.1,252.3,17-Mar-25,18-Mar-25,M,Target.com,4,California,Los Angeles County,1,12,Male
TX502072,Workout Tops,4,59.5,238,17-Mar-25,22-Mar-25,M,App,5,California,Los Angeles County,5,12,Male
TX502073,T-Shirts,2,57.5,115,17-Mar-25,19-Mar-25,M,Website,5,California,Los Angeles County,2,12,Male
TX502074,T-Shirts,1,34.3,34.3,17-Mar-25,18-Mar-25,F,Partner App,5,California,Los Angeles County,1,12,Female
TX502075,Sandals,2,27.8,55.6,18-Mar-25,20-Mar-25,F,App,4,California,Los Angeles County,2,12,Female
TX502076,Casual Dresses,2,85,170,18-Mar-25,18-Mar-25,M,Target.com,5,California,Los Angeles County,0,12,Male
TX502077,Jeans,2,95,190,18-Mar-25,20-Mar-25,F,App,4,California,Los Angeles County,2,12,Female
TX502078,Sunglasses,2,32,64,18-Mar-25,20-Mar-25,M,App,3,California,Los Angeles County,2,12,Male
TX502079,Sneakers,2,65.2,130.4,18-Mar-25,19-Mar-25,F,Website,4,California,Los Angeles County,1,12,Female
TX502080,Pajama Sets,4,22,88,18-Mar-25,19-Mar-25,M,Website,5,California,Los Angeles County,1,12,Male
TX502081,Crop Tops,3,69.4,208.2,18-Mar-25,21-Mar-25,M,Website,5,California,Los Angeles County,3,12,Male
TX502082,Bikinis,6,31.5,189,18-Mar-25,20-Mar-25,F,App,5,California,Los Angeles County,2,12,Female
TX502083,Jeans,1,45.8,45.8,18-Mar-25,22-Mar-25,O,App,4,California,Los Angeles County,4,12,Other
TX502084,Jewelry,4,12.8,51.2,18-Mar-25,25-Mar-25,F,Website,3,California,Placer County,7,12,Female
TX502085,Sandals,3,115.3,345.9,18-Mar-25,19-Mar-25,F,Target.com,5,California,Sacramento County,1,12,Female
TX502086,Sandals,2,85,170,18-Mar-25,20-Mar-25,F,Website,4,California,San Bernardino County,2,12,Female
TX502087,T-Shirts,3,56.6,169.8,18-Mar-25,19-Mar-25,F,Website,5,California,San Bernardino County,1,12,Female
TX502088,Crop Tops,27,46.3,1250.1,18-Mar-25,21-Mar-25,M,App,4,California,San Bernardino County,3,12,Male
TX502089,Baseball Caps,4,23,92,18-Mar-25,22-Mar-25,M,Instagram,5,California,San Bernardino County,4,12,Male
TX502090,T-Shirts,6,42.1,252.6,18-Mar-25,20-Mar-25,M,Partner App,4,California,San Diego County,2,12,Male
TX502091,Sandals,7,57.4,401.8,18-Mar-25,22-Mar-25,F,Website,2,California,San Diego County,4,12,Female
TX502092,Shorts,6,13.2,79.2,18-Mar-25,22-Mar-25,M,Target.com,4,California,San Diego County,4,12,Male
TX502093,Jeans,3,52.3,156.9,18-Mar-25,19-Mar-25,M,Website,4,California,San Diego County,1,12,Male
TX502094,T-Shirts,2,15.7,31.4,18-Mar-25,21-Mar-25,M,Website,5,California,San Diego County,3,12,Male
TX502095,Hoodies & Sweatshirts,3,35,105,18-Mar-25,21-Mar-25,F,Website,5,California,San Mateo County,3,12,Female
TX502096,Graphic Tees,3,26.6,79.8,18-Mar-25,18-Mar-25,M,Website,5,California,Santa Clara County,0,12,Male
TX502097,Graphic Tees,8,47.9,383.2,19-Mar-25,20-Mar-25,F,Instagram,5,California,Tulare County,1,12,Female
TX502098,Sandals,1,80.1,80.1,19-Mar-25,20-Mar-25,M,Target.com,4,California,Alameda County,1,12,Male
TX502099,Jeans,5,50.4,252,19-Mar-25,20-Mar-25,M,Website,5,California,Alameda County,1,12,Male
TX502100,Bikinis,7,43.3,303.1,19-Mar-25,20-Mar-25,M,Target.com,4,California,Alameda County,1,12,Male
TX502101,Bikinis,4,57.5,230,19-Mar-25,20-Mar-25,F,Website,5,California,Contra Costa County,1,12,Female
TX502102,Sundresses,13,24.8,322.4,19-Mar-25,20-Mar-25,M,App,4,California,Del Norte County,1,12,Male
TX502103,Sneakers,9,85.7,771.3,19-Mar-25,20-Mar-25,F,App,4,California,El Dorado County,1,12,Female
TX502104,Hoodies & Sweatshirts,1,47.1,47.1,19-Mar-25,21-Mar-25,F,App,4,California,Fresno County,2,12,Female
TX502105,Sandals,10,83.2,832,19-Mar-25,23-Mar-25,F,App,4,California,Imperial County,4,12,Female
TX502106,Sneakers,3,157,471,19-Mar-25,21-Mar-25,F,App,5,California,Kern County,2,12,Female
TX502107,Sunglasses,4,33.7,134.8,19-Mar-25,20-Mar-25,M,Target.com,5,California,Kern County,1,12,Male
TX502108,Sneakers,3,60.8,182.4,19-Mar-25,23-Mar-25,F,Website,3,California,Los Angeles County,4,12,Female
TX502109,Hoodies & Sweatshirts,1,57.6,57.6,19-Mar-25,20-Mar-25,M,Website,2,California,Los Angeles County,1,12,Male
TX502110,Bikinis,1,32,32,19-Mar-25,21-Mar-25,M,App,4,California,Los Angeles County,2,12,Male
TX502111,Bikinis,4,23.5,94,19-Mar-25,20-Mar-25,F,App,5,California,Los Angeles County,1,12,Female
TX502112,Casual Dresses,3,44.8,134.4,19-Mar-25,20-Mar-25,O,Partner App,4,California,Los Angeles County,1,12,Other
TX502113,Shorts,8,11.7,93.6,19-Mar-25,20-Mar-25,M,Target.com,5,California,Los Angeles County,1,12,Male
TX502114,Hoodies & Sweatshirts,2,38.8,77.6,19-Mar-25,22-Mar-25,F,Target.com,4,California,Los Angeles County,3,12,Female
TX502115,Sandals,14,86.9,1216.6,19-Mar-25,24-Mar-25,F,Website,4,California,Los Angeles County,5,12,Female
TX502116,T-Shirts,1,18.3,18.3,19-Mar-25,20-Mar-25,F,App,4,California,Los Angeles County,1,12,Female
TX502117,Sandals,1,47.5,47.5,19-Mar-25,23-Mar-25,M,Partner App,5,California,Los Angeles County,4,12,Male
TX502118,Tank Tops,2,78.6,157.2,19-Mar-25,20-Mar-25,M,Target.com,5,California,Los Angeles County,1,12,Male
TX502119,Jeans,4,87.3,349.2,19-Mar-25,20-Mar-25,M,App,4,California,Los Angeles County,1,12,Male
TX502120,Sundresses,2,63.2,126.4,19-Mar-25,19-Mar-25,M,Partner App,3,California,Los Angeles County,0,12,Male
TX502121,Sandals,5,33.7,168.5,19-Mar-25,20-Mar-25,F,App,4,California,Los Angeles County,1,12,Female
TX502122,Sneakers,3,107.4,322.2,19-Mar-25,1-Apr-25,F,Website,5,California,Los Angeles County,13,12,Female
TX502123,Graphic Tees,4,22.2,88.8,19-Mar-25,20-Mar-25,,Website,5,California,Merced County,1,12,Unknown
TX502124,Leggings,3,52.8,158.4,19-Mar-25,20-Mar-25,M,Instagram,5,California,Merced County,1,12,Male
TX502125,T-Shirts,3,41.5,124.5,19-Mar-25,22-Mar-25,F,App,4,California,Orange County,3,12,Female
TX502126,Casual Dresses,8,103.5,828,19-Mar-25,22-Mar-25,F,App,5,California,Riverside County,3,12,Female
TX502127,Graphic Tees,14,37.5,525,19-Mar-25,19-Mar-25,F,Website,5,California,Sacramento County,0,12,Female
TX502128,Crop Tops,8,44.4,355.2,19-Mar-25,25-Mar-25,F,Instagram,5,California,San Bernardino County,6,12,Female
TX502129,T-Shirts,3,26.2,78.6,19-Mar-25,20-Mar-25,M,App,4,California,San Diego County,1,12,Male
TX502130,Tank Tops,7,32.2,225.4,19-Mar-25,20-Mar-25,F,Website,5,California,San Diego County,1,12,Female
TX502131,T-Shirts,1,17.4,17.4,19-Mar-25,23-Mar-25,,Target.com,3,California,San Diego County,4,12,Unknown
TX502132,T-Shirts,6,72.3,433.8,19-Mar-25,22-Mar-25,F,App,4,California,San Diego County,3,12,Female
TX502133,T-Shirts,11,24.3,267.3,19-Mar-25,20-Mar-25,M,App,4,California,San Diego County,1,12,Male
TX502134,Tote Bags,3,49.1,147.3,19-Mar-25,25-Mar-25,M,Target.com,2,California,San Diego County,6,12,Male
TX502135,Sneakers,10,234.7,2347,19-Mar-25,20-Mar-25,M,Instagram,3,California,San Diego County,1,12,Male
TX502136,Workout Tops,5,76.1,380.5,19-Mar-25,21-Mar-25,M,Website,3,California,San Francisco,2,12,Male
TX502137,Tank Tops,3,93.9,281.7,19-Mar-25,20-Mar-25,M,Website,2,California,Santa Clara County,1,12,Male
TX502138,Sneakers,4,187,748,20-Mar-25,23-Mar-25,M,App,4,California,Santa Clara County,3,12,Male
TX502139,T-Shirts,2,18,36,20-Mar-25,21-Mar-25,F,Website,5,California,Shasta County,1,12,Female
TX502140,Graphic Tees,1,24.4,24.4,20-Mar-25,21-Mar-25,F,Partner App,5,California,Alameda County,1,12,Female
TX502141,Bikinis,2,38.8,77.6,20-Mar-25,21-Mar-25,M,Partner App,3,California,Los Angeles County,1,12,Male
TX502142,Workout Tops,1,59.7,59.7,20-Mar-25,23-Mar-25,M,Instagram,4,California,Los Angeles County,3,12,Male
TX502143,Hoodies & Sweatshirts,1,31.2,31.2,20-Mar-25,21-Mar-25,M,Website,5,California,Los Angeles County,1,12,Male
TX502144,Shorts,1,16.8,16.8,20-Mar-25,21-Mar-25,F,Target.com,3,California,Los Angeles County,1,12,Female
TX502145,T-Shirts,1,46,46,20-Mar-25,21-Mar-25,M,App,4,California,Los Angeles County,1,12,Male
TX502146,Sundresses,8,42.2,337.6,20-Mar-25,23-Mar-25,F,Instagram,5,California,Los Angeles County,3,12,Female
TX502147,Tank Tops,3,71.5,214.5,20-Mar-25,3-Apr-25,F,App,4,California,Los Angeles County,14,12,Female
TX502148,Tank Tops,2,76.6,153.2,20-Mar-25,20-Mar-25,M,App,5,California,Los Angeles County,0,12,Male
TX502149,Casual Dresses,2,87.3,174.6,20-Mar-25,28-Mar-25,F,Instagram,5,California,Los Angeles County,8,12,Female
TX502150,Tank Tops,1,63,63,20-Mar-25,23-Mar-25,M,Instagram,4,California,Los Angeles County,3,12,Male
TX502151,T-Shirts,2,41.7,83.4,20-Mar-25,21-Mar-25,F,Partner App,3,California,Marin County,1,12,Female
TX502152,Jeans,2,76.1,152.2,20-Mar-25,20-Mar-25,F,Partner App,5,California,Napa County,0,12,Female
TX502153,Tote Bags,2,28.5,57,20-Mar-25,21-Mar-25,F,App,5,California,Nevada County,1,12,Female
TX502154,Shorts,4,32.1,128.4,20-Mar-25,21-Mar-25,F,Website,5,California,Orange County,1,12,Female
TX502155,Graphic Tees,3,39,117,20-Mar-25,23-Mar-25,M,Website,5,California,Orange County,3,12,Male
TX502156,Jeans,1,78.5,78.5,20-Mar-25,21-Mar-25,M,Website,4,California,Sacramento County,1,12,Male
TX502157,Graphic Tees,5,49.7,248.5,20-Mar-25,22-Mar-25,F,App,4,California,Sacramento County,2,12,Female
TX502158,Tank Tops,4,68.4,273.6,20-Mar-25,21-Mar-25,F,Target.com,5,California,San Bernardino County,1,12,Female
TX502159,Workout Tops,2,72.9,145.8,20-Mar-25,23-Mar-25,,App,5,California,San Bernardino County,3,12,Unknown
TX502160,Sandals,13,30.3,393.9,20-Mar-25,21-Mar-25,M,Partner App,4,California,San Bernardino County,1,12,Male
TX502161,Jeans,11,57.9,636.9,20-Mar-25,21-Mar-25,F,App,4,California,San Diego County,1,12,Female
TX502162,Tank Tops,1,96.7,96.7,20-Mar-25,21-Mar-25,M,App,4,California,San Diego County,1,12,Male
TX502163,T-Shirts,12,27.6,331.2,20-Mar-25,22-Mar-25,M,Target.com,5,California,San Diego County,2,12,Male
TX502164,Jeans,4,64.7,258.8,20-Mar-25,20-Mar-25,M,Instagram,5,California,San Diego County,0,12,Male
TX502165,Bikinis,6,30.5,183,20-Mar-25,21-Mar-25,M,Partner App,4,California,San Diego County,1,12,Male
TX502166,Jeans,70,106,7420,21-Mar-25,23-Mar-25,M,Partner App,5,California,San Diego County,2,12,Male
TX502167,Casual Dresses,5,76.8,384,21-Mar-25,27-Mar-25,,Website,3,California,Sonoma County,6,12,Unknown
TX502168,Jeans,2,80.4,160.8,21-Mar-25,22-Mar-25,F,Target.com,4,California,Ventura County,1,12,Female
TX502169,Jeans,4,69.1,276.4,21-Mar-25,22-Mar-25,M,Website,5,California,Alameda County,1,12,Male
TX502170,Leggings,2,76.4,152.8,21-Mar-25,21-Mar-25,M,Instagram,4,California,Alameda County,0,12,Male
TX502171,Sneakers,2,61.3,122.6,21-Mar-25,22-Mar-25,F,Website,3,California,Alameda County,1,12,Female
TX502172,Hoodies & Sweatshirts,1,58,58,21-Mar-25,22-Mar-25,M,Instagram,3,California,Contra Costa County,1,12,Male
TX502173,Sneakers,8,102.3,818.4,21-Mar-25,23-Mar-25,M,Target.com,4,California,El Dorado County,2,12,Male
TX502174,Jewelry,2,13.8,27.6,21-Mar-25,22-Mar-25,F,Partner App,5,California,Fresno County,1,12,Female
TX502175,T-Shirts,3,33.3,99.9,21-Mar-25,24-Mar-25,F,Target.com,4,California,Kern County,3,12,Female
TX502176,Bikinis,1,27.4,27.4,21-Mar-25,24-Mar-25,M,App,5,California,Kern County,3,12,Male
TX502177,Baseball Caps,2,25.6,51.2,21-Mar-25,22-Mar-25,F,Website,3,California,Los Angeles County,1,12,Female
TX502178,Tote Bags,1,58.4,58.4,21-Mar-25,22-Mar-25,F,Target.com,5,California,Los Angeles County,1,12,Female
TX502179,Maxi Dresses,30,27,810,21-Mar-25,22-Mar-25,F,Partner App,4,California,Los Angeles County,1,12,Female
TX502180,Shorts,4,14.2,56.8,21-Mar-25,22-Mar-25,M,App,5,California,Los Angeles County,1,12,Male
TX502181,Hoodies & Sweatshirts,2,68,136,21-Mar-25,31-Mar-25,M,Target.com,3,California,Los Angeles County,10,12,Male
TX502182,T-Shirts,1,30.7,30.7,21-Mar-25,22-Mar-25,M,App,4,California,Los Angeles County,1,12,Male
TX502183,Pajama Sets,13,51.6,670.8,21-Mar-25,24-Mar-25,O,Website,5,California,Los Angeles County,3,12,Other
TX502184,T-Shirts,3,20.6,61.8,21-Mar-25,25-Mar-25,F,Partner App,5,California,Los Angeles County,4,12,Female
TX502185,T-Shirts,1,24.8,24.8,21-Mar-25,22-Mar-25,M,Partner App,4,California,Los Angeles County,1,12,Male
TX502186,Shorts,7,11.2,78.4,21-Mar-25,24-Mar-25,M,Website,4,California,Los Angeles County,3,12,Male
TX502187,Maxi Dresses,2,51.2,102.4,21-Mar-25,22-Mar-25,F,Website,5,California,Los Angeles County,1,12,Female
TX502188,Hoodies & Sweatshirts,6,90.5,543,21-Mar-25,22-Mar-25,F,Website,2,California,Los Angeles County,1,12,Female
TX502189,Tank Tops,2,42.4,84.8,21-Mar-25,22-Mar-25,M,Website,5,California,Nevada County,1,12,Male
TX502190,Tank Tops,2,38.2,76.4,21-Mar-25,22-Mar-25,M,App,4,California,Placer County,1,12,Male
TX502191,Sneakers,9,121.3,1091.7,21-Mar-25,26-Mar-25,M,App,4,California,Sacramento County,5,12,Male
TX502192,Jeans,2,46.9,93.8,21-Mar-25,28-Mar-25,M,App,4,California,San Diego County,7,12,Male
TX502193,Bikinis,1,55.3,55.3,21-Mar-25,23-Mar-25,M,App,4,California,San Diego County,2,12,Male
TX502194,Sneakers,3,70.6,211.8,22-Mar-25,22-Mar-25,F,App,3,California,San Diego County,0,12,Female
TX502195,Baseball Caps,4,26.1,104.4,22-Mar-25,24-Mar-25,M,App,4,California,San Diego County,2,12,Male
TX502196,Sundresses,11,34.5,379.5,22-Mar-25,26-Mar-25,M,Target.com,4,California,San Francisco,4,12,Male
TX502197,Tank Tops,2,64.2,128.4,22-Mar-25,23-Mar-25,F,App,3,California,San Francisco,1,12,Female
TX502198,Sneakers,4,145.7,582.8,22-Mar-25,23-Mar-25,F,App,2,California,San Francisco,1,12,Female
TX502199,Casual Dresses,2,78.5,157,22-Mar-25,23-Mar-25,M,Target.com,4,California,San Joaquin County,1,12,Male
TX502200,Tank Tops,1,34.2,34.2,22-Mar-25,24-Mar-25,M,App,4,California,San Mateo County,2,12,Male
TX502201,Jewelry,1,26.2,26.2,22-Mar-25,23-Mar-25,M,Target.com,4,California,San Mateo County,1,12,Male
TX502202,Jeans,4,53.2,212.8,22-Mar-25,23-Mar-25,M,Website,3,California,Santa Clara County,1,12,Male
TX502203,Tank Tops,1,35.4,35.4,22-Mar-25,26-Mar-25,M,Website,2,California,Sonoma County,4,12,Male
TX502204,Baseball Caps,2,21.3,42.6,22-Mar-25,23-Mar-25,M,Target.com,4,California,Tulare County,1,12,Male
TX502205,T-Shirts,4,32.9,131.6,22-Mar-25,25-Mar-25,F,Partner App,5,California,Alameda County,3,12,Female
TX502206,Sandals,15,85.5,1282.5,22-Mar-25,24-Mar-25,F,Instagram,3,California,Alameda County,2,12,Female
TX502207,Graphic Tees,1,26.8,26.8,22-Mar-25,23-Mar-25,F,App,3,California,Fresno County,1,12,Female
TX502208,Sundresses,26,31.7,824.2,22-Mar-25,22-Mar-25,F,Instagram,4,California,Fresno County,0,12,Female
TX502209,Tank Tops,2,78.3,156.6,22-Mar-25,24-Mar-25,F,Website,3,California,Los Angeles County,2,12,Female
TX502210,Jeans,1,43.9,43.9,22-Mar-25,23-Mar-25,M,App,4,California,Los Angeles County,1,12,Male
TX502211,Leggings,3,84,252,22-Mar-25,24-Mar-25,,Instagram,5,California,Los Angeles County,2,12,Unknown
TX502212,Shorts,3,11.4,34.2,22-Mar-25,23-Mar-25,M,Partner App,4,California,Los Angeles County,1,12,Male
TX502213,Casual Dresses,8,47.5,380,22-Mar-25,30-Mar-25,F,App,4,California,Los Angeles County,8,12,Female
TX502214,Sundresses,11,50.5,555.5,22-Mar-25,24-Mar-25,M,Target.com,4,California,Los Angeles County,2,12,Male
TX502215,Crop Tops,1,36.3,36.3,22-Mar-25,25-Mar-25,O,App,3,California,San Diego County,3,12,Other
TX502216,T-Shirts,2,35.4,70.8,22-Mar-25,23-Mar-25,F,App,4,California,San Francisco,1,12,Female
TX502217,Tank Tops,3,45.9,137.7,23-Mar-25,24-Mar-25,M,Instagram,4,California,San Mateo County,1,13,Male
TX502218,Jeans,10,41.2,412,23-Mar-25,27-Mar-25,M,App,4,California,Santa Clara County,4,13,Male
TX502219,Pajama Sets,2,45.1,90.2,23-Mar-25,24-Mar-25,M,Website,3,California,Alameda County,1,13,Male
TX502220,Jeans,10,63.6,636,23-Mar-25,23-Mar-25,M,Target.com,4,California,Contra Costa County,0,13,Male
TX502221,T-Shirts,1,70.5,70.5,23-Mar-25,24-Mar-25,M,App,4,California,Los Angeles County,1,13,Male
TX502222,Jeans,1,41.3,41.3,23-Mar-25,23-Mar-25,M,Partner App,4,California,Los Angeles County,0,13,Male
TX502223,Graphic Tees,1,35.3,35.3,23-Mar-25,26-Mar-25,F,Partner App,5,California,Los Angeles County,3,13,Female
TX502224,T-Shirts,5,34.7,173.5,23-Mar-25,24-Mar-25,F,App,5,California,Los Angeles County,1,13,Female
TX502225,T-Shirts,3,26.1,78.3,23-Mar-25,24-Mar-25,F,App,4,California,Los Angeles County,1,13,Female
TX502226,Sundresses,5,22.6,113,23-Mar-25,23-Mar-25,F,Website,5,California,Los Angeles County,0,13,Female
TX502227,Sneakers,2,154.4,308.8,23-Mar-25,26-Mar-25,M,Website,3,California,Los Angeles County,3,13,Male
TX502228,T-Shirts,2,18.4,36.8,23-Mar-25,24-Mar-25,M,App,4,California,Los Angeles County,1,13,Male
TX502229,Baseball Caps,1,25,25,23-Mar-25,26-Mar-25,F,App,4,California,Los Angeles County,3,13,Female
TX502230,Sneakers,6,105.6,633.6,23-Mar-25,23-Mar-25,F,App,4,California,Los Angeles County,0,13,Female
TX502231,Leggings,8,59.6,476.8,23-Mar-25,23-Mar-25,F,App,5,California,Riverside County,0,13,Female
TX502232,Crop Tops,3,75.4,226.2,23-Mar-25,28-Mar-25,M,App,3,California,San Bernardino County,5,13,Male
TX502233,Hoodies & Sweatshirts,1,104.4,104.4,23-Mar-25,24-Mar-25,F,App,4,California,San Diego County,1,13,Female
TX502234,Sneakers,10,208.2,2082,23-Mar-25,24-Mar-25,M,App,5,California,San Diego County,1,13,Male
TX502235,Jeans,2,45,90,23-Mar-25,26-Mar-25,F,App,4,California,Santa Barbara County,3,13,Female
TX502236,Crop Tops,2,20.3,40.6,24-Mar-25,26-Mar-25,,Website,4,California,Santa Clara County,2,13,Unknown
TX502237,Sneakers,3,94.4,283.2,24-Mar-25,25-Mar-25,F,App,5,California,Santa Clara County,1,13,Female
TX502238,Sundresses,1,49,49,24-Mar-25,26-Mar-25,F,App,5,California,Tulare County,2,13,Female
TX502239,Graphic Tees,2,27.2,54.4,24-Mar-25,26-Mar-25,M,App,5,California,Contra Costa County,2,13,Male
TX502240,Sneakers,6,72.6,435.6,24-Mar-25,25-Mar-25,F,App,5,California,Fresno County,1,13,Female
TX502241,Crop Tops,4,62.4,249.6,24-Mar-25,25-Mar-25,F,App,4,California,Los Angeles County,1,13,Female
TX502242,T-Shirts,3,19.1,57.3,24-Mar-25,26-Mar-25,M,App,3,California,Los Angeles County,2,13,Male
TX502243,Bikinis,1,29.6,29.6,24-Mar-25,28-Mar-25,M,App,2,California,Los Angeles County,4,13,Male
TX502244,T-Shirts,2,18.9,37.8,24-Mar-25,26-Mar-25,F,Partner App,5,California,Los Angeles County,2,13,Female
TX502245,Bikinis,5,41.4,207,24-Mar-25,25-Mar-25,M,Instagram,4,California,Los Angeles County,1,13,Male
TX502246,Sneakers,1,118.4,118.4,24-Mar-25,25-Mar-25,F,App,5,California,Los Angeles County,1,13,Female
TX502247,Sneakers,2,125.3,250.6,24-Mar-25,27-Mar-25,F,App,5,California,Los Angeles County,3,13,Female
TX502248,Workout Tops,2,85.8,171.6,24-Mar-25,25-Mar-25,F,Website,2,California,Los Angeles County,1,13,Female
TX502249,Jeans,1,44.2,44.2,24-Mar-25,27-Mar-25,M,Website,4,California,Los Angeles County,3,13,Male
TX502250,Sandals,4,74.1,296.4,24-Mar-25,26-Mar-25,F,App,4,California,Los Angeles County,2,13,Female
TX502251,T-Shirts,1,33.8,33.8,24-Mar-25,25-Mar-25,F,Target.com,5,California,Merced County,1,13,Female
TX502252,Tank Tops,2,39.1,78.2,24-Mar-25,25-Mar-25,M,App,3,California,Merced County,1,13,Male
TX502253,Shorts,1,37.2,37.2,24-Mar-25,25-Mar-25,M,App,3,California,Napa County,1,13,Male
TX502254,Crop Tops,3,33.9,101.7,24-Mar-25,26-Mar-25,M,Target.com,4,California,Sacramento County,2,13,Male
TX502255,Hoodies & Sweatshirts,15,73.3,1099.5,24-Mar-25,27-Mar-25,F,Target.com,3,California,San Diego County,3,13,Female
TX502256,T-Shirts,4,35,140,24-Mar-25,26-Mar-25,F,Website,4,California,San Diego County,2,13,Female
TX502257,Shorts,3,22.2,66.6,24-Mar-25,25-Mar-25,M,Website,4,California,San Francisco,1,13,Male
TX502258,Bikinis,1,32.4,32.4,24-Mar-25,25-Mar-25,F,App,4,California,Santa Clara County,1,13,Female
TX502259,Sandals,3,88.4,265.2,25-Mar-25,27-Mar-25,F,Website,3,California,Santa Clara County,2,13,Female
TX502260,Sandals,16,30.5,488,25-Mar-25,26-Mar-25,F,Target.com,4,California,Santa Clara County,1,13,Female
TX502261,Tank Tops,6,38.1,228.6,25-Mar-25,27-Mar-25,F,App,3,California,Santa Clara County,2,13,Female
TX502262,Bikinis,5,37.6,188,25-Mar-25,29-Mar-25,M,App,4,California,Santa Clara County,4,13,Male
TX502263,Crop Tops,2,31.4,62.8,25-Mar-25,26-Mar-25,M,App,5,California,Santa Clara County,1,13,Male
TX502264,Jeans,2,61.5,123,25-Mar-25,26-Mar-25,M,Instagram,4,California,Sutter County,1,13,Male
TX502265,Jeans,1,72.6,72.6,25-Mar-25,26-Mar-25,M,App,3,California,Alameda County,1,13,Male
TX502266,Sundresses,3,26.9,80.7,25-Mar-25,30-Mar-25,O,Partner App,3,California,Amador County,5,13,Other
TX502267,Pajama Sets,12,29.4,352.8,25-Mar-25,26-Mar-25,F,Website,4,California,Butte County,1,13,Female
TX502268,Pajama Sets,2,42.1,84.2,25-Mar-25,26-Mar-25,F,Instagram,3,California,Contra Costa County,1,13,Female
TX502269,Sandals,1,40.5,40.5,25-Mar-25,26-Mar-25,F,Target.com,3,California,Contra Costa County,1,13,Female
TX502270,Sneakers,4,182.3,729.2,25-Mar-25,26-Mar-25,F,Website,4,California,Contra Costa County,1,13,Female
TX502271,Sneakers,5,157,785,25-Mar-25,28-Mar-25,F,Website,5,California,Fresno County,3,13,Female
TX502272,Pajama Sets,5,45.2,226,25-Mar-25,28-Mar-25,F,Website,4,California,Kern County,3,13,Female
TX502273,Crop Tops,4,27.4,109.6,25-Mar-25,27-Mar-25,F,App,4,California,Los Angeles County,2,13,Female
TX502274,Sandals,5,34.1,170.5,25-Mar-25,27-Mar-25,M,App,5,California,Los Angeles County,2,13,Male
TX502275,Shorts,2,26,52,25-Mar-25,27-Mar-25,M,Target.com,3,California,Los Angeles County,2,13,Male
TX502276,T-Shirts,7,19.4,135.8,25-Mar-25,27-Mar-25,,Website,3,California,Los Angeles County,2,13,Unknown
TX502277,Sunglasses,3,30.3,90.9,25-Mar-25,28-Mar-25,F,Website,5,California,Los Angeles County,3,13,Female
TX502278,Sneakers,3,101.4,304.2,25-Mar-25,26-Mar-25,M,App,4,California,Los Angeles County,1,13,Male
TX502279,Workout Tops,5,55.5,277.5,25-Mar-25,28-Mar-25,M,Website,4,California,Merced County,3,13,Male
TX502280,T-Shirts,1,23.1,23.1,25-Mar-25,26-Mar-25,M,App,4,California,Orange County,1,13,Male
TX502281,Leggings,2,38.9,77.8,25-Mar-25,26-Mar-25,M,Target.com,4,California,Orange County,1,13,Male
TX502282,Jeans,9,116.3,1046.7,25-Mar-25,29-Mar-25,F,App,4,California,Placer County,4,13,Female
TX502283,Sunglasses,9,64.1,576.9,25-Mar-25,25-Mar-25,F,App,5,California,Sacramento County,0,13,Female
TX502284,Sneakers,6,109.2,655.2,25-Mar-25,27-Mar-25,M,App,3,California,San Diego County,2,13,Male
TX502285,Bikinis,5,23.2,116,26-Mar-25,27-Mar-25,M,App,3,California,San Diego County,1,13,Male
TX502286,Leggings,6,81.2,487.2,26-Mar-25,28-Mar-25,M,Target.com,5,California,San Diego County,2,13,Male
TX502287,Tank Tops,14,35.7,499.8,26-Mar-25,27-Mar-25,M,Instagram,4,California,San Diego County,1,13,Male
TX502288,Hoodies & Sweatshirts,2,44.5,89,26-Mar-25,29-Mar-25,M,Partner App,4,California,San Mateo County,3,13,Male
TX502289,Tank Tops,5,32,160,26-Mar-25,28-Mar-25,O,Website,3,California,San Mateo County,2,13,Other
TX502290,T-Shirts,1,25.7,25.7,26-Mar-25,27-Mar-25,M,App,4,California,Santa Barbara County,1,13,Male
TX502291,Sunglasses,3,65.6,196.8,26-Mar-25,1-Apr-25,M,App,4,California,Santa Clara County,6,13,Male
TX502292,Tank Tops,4,52.1,208.4,26-Mar-25,27-Mar-25,F,App,5,California,Santa Clara County,1,13,Female
TX502293,T-Shirts,1,31,31,26-Mar-25,27-Mar-25,M,App,3,California,Stanislaus County,1,13,Male
TX502294,T-Shirts,1,32,32,26-Mar-25,28-Mar-25,O,Instagram,3,California,Sutter County,2,13,Other
TX502295,Sunglasses,4,58.3,233.2,26-Mar-25,30-Mar-25,M,Website,2,California,Tulare County,4,13,Male
TX502296,T-Shirts,3,31,93,26-Mar-25,28-Mar-25,F,Target.com,2,California,Ventura County,2,13,Female
TX502297,Workout Tops,1,40.3,40.3,26-Mar-25,27-Mar-25,M,Website,5,California,Colusa County,1,13,Male
TX502298,Jeans,3,47.3,141.9,26-Mar-25,28-Mar-25,M,Partner App,5,California,Fresno County,2,13,Male
TX502299,Sneakers,1,82.8,82.8,26-Mar-25,27-Mar-25,M,App,4,California,Fresno County,1,13,Male
TX502300,T-Shirts,1,18.5,18.5,26-Mar-25,9-Apr-25,F,App,4,California,Humboldt County,14,13,Female
TX502301,Workout Tops,2,60.4,120.8,26-Mar-25,27-Mar-25,M,Target.com,4,California,Kern County,1,13,Male
TX502302,Jeans,5,80.2,401,26-Mar-25,2-Apr-25,M,Website,3,California,Lake County,7,13,Male
TX502303,Graphic Tees,1,41.5,41.5,26-Mar-25,28-Mar-25,M,Target.com,4,California,Los Angeles County,2,13,Male
TX502304,Sneakers,2,83.9,167.8,26-Mar-25,29-Mar-25,F,App,4,California,Los Angeles County,3,13,Female
TX502305,T-Shirts,2,16.7,33.4,26-Mar-25,30-Mar-25,F,App,3,California,Los Angeles County,4,13,Female
TX502306,Sundresses,2,72.9,145.8,26-Mar-25,27-Mar-25,M,Target.com,3,California,Los Angeles County,1,13,Male
TX502307,Sandals,2,50.2,100.4,26-Mar-25,28-Mar-25,F,Website,5,California,Los Angeles County,2,13,Female
TX502308,Workout Tops,2,34.2,68.4,26-Mar-25,5-Apr-25,,Website,4,California,Los Angeles County,10,13,Unknown
TX502309,Sandals,2,107.9,215.8,26-Mar-25,26-Mar-25,M,Website,2,California,Los Angeles County,0,13,Male
TX502310,Shorts,3,17.5,52.5,26-Mar-25,28-Mar-25,M,Partner App,4,California,Los Angeles County,2,13,Male
TX502311,Tote Bags,15,44.7,670.5,26-Mar-25,27-Mar-25,M,App,3,California,Los Angeles County,1,13,Male
TX502312,Casual Dresses,6,92.7,556.2,26-Mar-25,28-Mar-25,F,Target.com,3,California,Los Angeles County,2,13,Female
TX502313,Hoodies & Sweatshirts,3,48.8,146.4,26-Mar-25,28-Mar-25,F,Target.com,4,California,Los Angeles County,2,13,Female
TX502314,Graphic Tees,16,21.3,340.8,26-Mar-25,30-Mar-25,F,Instagram,1,California,Los Angeles County,4,13,Female
TX502315,Sunglasses,1,52.5,52.5,26-Mar-25,27-Mar-25,F,App,4,California,Los Angeles County,1,13,Female
TX502316,Tank Tops,2,92.4,184.8,26-Mar-25,1-Apr-25,F,App,5,California,Los Angeles County,6,13,Female
TX502317,Graphic Tees,11,58.3,641.3,26-Mar-25,28-Mar-25,M,Website,5,California,Los Angeles County,2,13,Male
TX502318,Jeans,23,152.6,3509.8,27-Mar-25,29-Mar-25,,App,4,California,Los Angeles County,2,13,Unknown
TX502319,T-Shirts,2,26,52,27-Mar-25,27-Mar-25,,App,3,California,Los Angeles County,0,13,Unknown
TX502320,Tank Tops,4,33.1,132.4,27-Mar-25,27-Mar-25,M,Target.com,2,California,Placer County,0,13,Male
TX502321,Leggings,1,51.4,51.4,27-Mar-25,29-Mar-25,F,Website,3,California,Placer County,2,13,Female
TX502322,T-Shirts,2,30.2,60.4,27-Mar-25,28-Mar-25,F,Target.com,5,California,Sacramento County,1,13,Female
TX502323,Sneakers,6,97,582,27-Mar-25,31-Mar-25,F,App,5,California,San Bernardino County,4,13,Female
TX502324,Sneakers,1,76.9,76.9,27-Mar-25,28-Mar-25,M,Website,5,California,San Diego County,1,13,Male
TX502325,Hoodies & Sweatshirts,6,36.1,216.6,27-Mar-25,31-Mar-25,F,App,4,California,San Diego County,4,13,Female
TX502326,Tank Tops,7,34.4,240.8,27-Mar-25,27-Mar-25,F,Target.com,3,California,Santa Clara County,0,13,Female
TX502327,Tank Tops,28,53.4,1495.2,27-Mar-25,29-Mar-25,F,Website,4,California,Sonoma County,2,13,Female
TX502328,Sneakers,1,77.6,77.6,27-Mar-25,28-Mar-25,F,App,3,California,Stanislaus County,1,13,Female
TX502329,Tank Tops,3,71.7,215.1,27-Mar-25,30-Mar-25,F,Website,4,California,Stanislaus County,3,13,Female
TX502330,Workout Tops,3,80.6,241.8,27-Mar-25,28-Mar-25,M,Partner App,3,California,Stanislaus County,1,13,Male
TX502331,Tank Tops,15,70,1050,27-Mar-25,29-Mar-25,M,App,4,California,Tulare County,2,13,Male
TX502332,Graphic Tees,6,27.3,163.8,27-Mar-25,29-Mar-25,F,Website,3,California,Fresno County,2,13,Female
TX502333,T-Shirts,14,37.6,526.4,27-Mar-25,29-Mar-25,M,Website,4,California,Los Angeles County,2,13,Male
TX502334,Sandals,3,36.6,109.8,27-Mar-25,29-Mar-25,F,Partner App,4,California,Los Angeles County,2,13,Female
TX502335,Tote Bags,1,55.2,55.2,27-Mar-25,29-Mar-25,M,Instagram,4,California,Los Angeles County,2,13,Male
TX502336,Jeans,5,59.9,299.5,27-Mar-25,29-Mar-25,M,App,4,California,Los Angeles County,2,13,Male
TX502337,Jeans,1,44,44,27-Mar-25,28-Mar-25,F,Target.com,5,California,Los Angeles County,1,13,Female
TX502338,Sundresses,2,68.7,137.4,27-Mar-25,27-Mar-25,M,App,4,California,Los Angeles County,0,13,Male
TX502339,Sandals,2,61.6,123.2,27-Mar-25,31-Mar-25,M,Instagram,3,California,Los Angeles County,4,13,Male
TX502340,Hoodies & Sweatshirts,7,51.8,362.6,27-Mar-25,28-Mar-25,M,App,4,California,Los Angeles County,1,13,Male
TX502341,T-Shirts,10,46.2,462,27-Mar-25,29-Mar-25,M,Website,5,California,Los Angeles County,2,13,Male
TX502342,Shorts,2,19.4,38.8,27-Mar-25,29-Mar-25,F,Website,5,California,Sacramento County,2,13,Female
TX502343,Maxi Dresses,3,52.1,156.3,27-Mar-25,30-Mar-25,M,Instagram,1,California,Sacramento County,3,13,Male
TX502344,Jeans,1,74.9,74.9,27-Mar-25,29-Mar-25,O,App,4,California,San Bernardino County,2,13,Other
TX502345,Sundresses,7,49.6,347.2,27-Mar-25,30-Mar-25,F,Partner App,4,California,San Diego County,3,13,Female
TX502346,Sunglasses,4,82.8,331.2,28-Mar-25,31-Mar-25,F,Partner App,4,California,San Diego County,3,13,Female
TX502347,Sneakers,1,97.7,97.7,28-Mar-25,29-Mar-25,F,Website,4,California,San Diego County,1,13,Female
TX502348,Jeans,5,83.6,418,28-Mar-25,29-Mar-25,F,Partner App,4,California,San Diego County,1,13,Female
TX502349,T-Shirts,5,23.5,117.5,28-Mar-25,1-Apr-25,O,App,4,California,San Diego County,4,13,Other
TX502350,Sundresses,3,44.6,133.8,28-Mar-25,31-Mar-25,F,Partner App,3,California,San Joaquin County,3,13,Female
TX502351,Shorts,3,20.1,60.3,28-Mar-25,30-Mar-25,F,Instagram,2,California,Santa Clara County,2,13,Female
TX502352,Sneakers,5,153.6,768,28-Mar-25,29-Mar-25,F,Website,5,California,Shasta County,1,13,Female
TX502353,Tank Tops,2,71.8,143.6,28-Mar-25,1-Apr-25,F,Website,4,California,Contra Costa County,4,13,Female
TX502354,Bikinis,1,64.7,64.7,28-Mar-25,30-Mar-25,,App,3,California,Contra Costa County,2,13,Unknown
TX502355,Sundresses,8,60.4,483.2,28-Mar-25,30-Mar-25,F,Instagram,5,California,Fresno County,2,13,Female
TX502356,Jeans,4,86,344,28-Mar-25,31-Mar-25,F,Target.com,5,California,Kern County,3,13,Female
TX502357,Casual Dresses,2,42.1,84.2,28-Mar-25,29-Mar-25,F,Partner App,3,California,Kings County,1,13,Female
TX502358,Sunglasses,9,51.1,459.9,28-Mar-25,29-Mar-25,M,Target.com,3,California,Los Angeles County,1,13,Male
TX502359,Sundresses,4,73.8,295.2,28-Mar-25,29-Mar-25,M,Partner App,4,California,Los Angeles County,1,13,Male
TX502360,T-Shirts,5,27,135,28-Mar-25,31-Mar-25,F,Target.com,5,California,Los Angeles County,3,13,Female
TX502361,T-Shirts,6,60.1,360.6,28-Mar-25,29-Mar-25,M,Instagram,4,California,Los Angeles County,1,13,Male
TX502362,Sneakers,7,94.1,658.7,28-Mar-25,30-Mar-25,F,Partner App,3,California,Los Angeles County,2,13,Female
TX502363,Sneakers,2,124.1,248.2,28-Mar-25,28-Mar-25,F,Target.com,1,California,Marin County,0,13,Female
TX502364,T-Shirts,4,16.9,67.6,28-Mar-25,31-Mar-25,M,Instagram,4,California,Sacramento County,3,13,Male
TX502365,Tank Tops,1,36.9,36.9,28-Mar-25,29-Mar-25,M,App,4,California,Sacramento County,1,13,Male
TX502366,Sundresses,2,22.6,45.2,28-Mar-25,10-Apr-25,F,Target.com,3,California,San Diego County,13,13,Female
TX502367,Hoodies & Sweatshirts,4,35,140,28-Mar-25,2-Apr-25,M,Instagram,3,California,San Diego County,5,13,Male
TX502368,Sundresses,6,63.6,381.6,28-Mar-25,4-Apr-25,,Website,5,California,San Diego County,7,13,Unknown
TX502369,Crop Tops,4,78.6,314.4,28-Mar-25,29-Mar-25,M,Partner App,3,California,San Diego County,1,13,Male
TX502370,Workout Tops,2,38.5,77,28-Mar-25,29-Mar-25,M,App,5,California,San Diego County,1,13,Male
TX502371,T-Shirts,11,71.5,786.5,28-Mar-25,29-Mar-25,F,Website,2,California,San Diego County,1,13,Female
TX502372,Jeans,4,121.4,485.6,28-Mar-25,1-Apr-25,M,Website,5,California,San Francisco,4,13,Male
TX502373,Maxi Dresses,1,40.2,40.2,28-Mar-25,31-Mar-25,F,App,5,California,Santa Clara County,3,13,Female
TX502374,Sandals,5,31.9,159.5,28-Mar-25,30-Mar-25,F,Target.com,5,California,Yolo County,2,13,Female
TX502375,Baseball Caps,5,15.8,79,29-Mar-25,30-Mar-25,M,Instagram,5,California,Alameda County,1,13,Male
TX502376,Bikinis,2,25.1,50.2,29-Mar-25,31-Mar-25,,Website,4,California,Alameda County,2,13,Unknown
TX502377,Tank Tops,23,38.1,876.3,29-Mar-25,30-Mar-25,F,Partner App,4,California,Contra Costa County,1,13,Female
TX502378,Workout Tops,2,42.2,84.4,29-Mar-25,31-Mar-25,F,App,5,California,Contra Costa County,2,13,Female
TX502379,Shorts,10,12.3,123,29-Mar-25,30-Mar-25,F,Partner App,4,California,Fresno County,1,13,Female
TX502380,Hoodies & Sweatshirts,1,30.2,30.2,29-Mar-25,31-Mar-25,F,Website,5,California,Kings County,2,13,Female
TX502381,Sandals,3,25.3,75.9,29-Mar-25,1-Apr-25,F,Target.com,4,California,Los Angeles County,3,13,Female
TX502382,T-Shirts,5,29.7,148.5,29-Mar-25,31-Mar-25,M,Instagram,4,California,Los Angeles County,2,13,Male
TX502383,Sundresses,8,32.9,263.2,29-Mar-25,30-Mar-25,,Instagram,5,California,Los Angeles County,1,13,Unknown
TX502384,Bikinis,2,43.6,87.2,29-Mar-25,30-Mar-25,M,Website,5,California,Los Angeles County,1,13,Male
TX502385,Crop Tops,4,78.4,313.6,29-Mar-25,30-Mar-25,M,Target.com,4,California,Los Angeles County,1,13,Male
TX502386,Jeans,2,56.5,113,29-Mar-25,2-Apr-25,M,Website,3,California,Los Angeles County,4,13,Male
TX502387,Sunglasses,1,36.7,36.7,29-Mar-25,30-Mar-25,F,App,5,California,Los Angeles County,1,13,Female
TX502388,Sneakers,4,103.6,414.4,29-Mar-25,9-Apr-25,M,Partner App,5,California,Los Angeles County,11,13,Male
TX502389,T-Shirts,6,16.2,97.2,29-Mar-25,2-Apr-25,M,Website,5,California,Sacramento County,4,13,Male
TX502390,T-Shirts,2,20.2,40.4,29-Mar-25,30-Mar-25,F,App,4,California,Sacramento County,1,13,Female
TX502391,Maxi Dresses,2,26.9,53.8,29-Mar-25,31-Mar-25,F,Target.com,4,California,Sacramento County,2,13,Female
TX502392,Tank Tops,2,82.4,164.8,29-Mar-25,1-Apr-25,,App,4,California,San Bernardino County,3,13,Unknown
TX502393,Sneakers,2,117.8,235.6,29-Mar-25,31-Mar-25,M,Website,5,California,San Diego County,2,13,Male
TX502394,Maxi Dresses,4,36.7,146.8,29-Mar-25,30-Mar-25,M,Website,4,California,San Diego County,1,13,Male
TX502395,Pajama Sets,3,46.8,140.4,29-Mar-25,30-Mar-25,M,Partner App,5,California,Santa Barbara County,1,13,Male
TX502396,Workout Tops,1,61.4,61.4,29-Mar-25,30-Mar-25,M,Website,4,California,Santa Barbara County,1,13,Male
TX502397,Crop Tops,2,22.9,45.8,29-Mar-25,30-Mar-25,M,App,4,California,Santa Clara County,1,13,Male
TX502398,Bikinis,2,22.1,44.2,29-Mar-25,30-Mar-25,F,Partner App,4,California,Santa Clara County,1,13,Female
TX502399,Casual Dresses,2,31,62,29-Mar-25,31-Mar-25,F,Target.com,4,California,Sonoma County,2,13,Female
TX502400,Leggings,2,84.2,168.4,29-Mar-25,31-Mar-25,M,Target.com,5,California,Ventura County,2,13,Male
